"","artist_name","Valence","danceability","energy","loudness","speechiness","acousticness","liveness","tempo","track_name","album_name","album_release_year"
"1","Taylor Swift",0.685,0.757,0.61,-4.84,0.0327,0.00942,0.367,116.998,"Welcome To New York (Taylor's Version)","1989 (Taylor's Version) [Deluxe]",2023
"2","Taylor Swift",0.701,0.733,0.733,-5.376,0.067,0.0885,0.168,96.057,"Blank Space (Taylor's Version)","1989 (Taylor's Version) [Deluxe]",2023
"3","Taylor Swift",0.305,0.511,0.822,-4.785,0.0397,0.000421,0.0899,94.868,"Style (Taylor's Version)","1989 (Taylor's Version) [Deluxe]",2023
"4","Taylor Swift",0.206,0.545,0.885,-5.968,0.0447,0.000537,0.385,92.021,"Out Of The Woods (Taylor's Version)","1989 (Taylor's Version) [Deluxe]",2023
"5","Taylor Swift",0.52,0.588,0.721,-5.579,0.0317,0.000656,0.131,96.997,"All You Had To Do Was Stay (Taylor's Version)","1989 (Taylor's Version) [Deluxe]",2023
"6","Taylor Swift",0.917,0.636,0.808,-5.693,0.0729,0.0121,0.359,160.058,"Shake It Off (Taylor's Version)","1989 (Taylor's Version) [Deluxe]",2023
"7","Taylor Swift",0.539,0.67,0.858,-6.528,0.0439,0.00354,0.0687,118.009,"I Wish You Would (Taylor's Version)","1989 (Taylor's Version) [Deluxe]",2023
"8","Taylor Swift",0.363,0.618,0.683,-6.438,0.194,0.0362,0.305,169.971,"Bad Blood (Taylor's Version)","1989 (Taylor's Version) [Deluxe]",2023
"9","Taylor Swift",0.514,0.589,0.674,-7.48,0.0656,0.0436,0.112,139.985,"Wildest Dreams (Taylor's Version)","1989 (Taylor's Version) [Deluxe]",2023
"10","Taylor Swift",0.538,0.758,0.691,-5.798,0.0515,0.00196,0.0939,119.997,"How You Get The Girl (Taylor's Version)","1989 (Taylor's Version) [Deluxe]",2023
"11","Taylor Swift",0.0567,0.471,0.509,-8.796,0.0355,0.316,0.0673,144.071,"This Love (Taylor’s Version)","1989 (Taylor's Version) [Deluxe]",2023
"12","Taylor Swift",0.652,0.582,0.788,-5.358,0.0445,0.0999,0.115,160.027,"I Know Places (Taylor's Version)","1989 (Taylor's Version) [Deluxe]",2023
"13","Taylor Swift",0.258,0.772,0.391,-8.892,0.0293,0.25,0.0981,103.955,"Clean (Taylor's Version)","1989 (Taylor's Version) [Deluxe]",2023
"14","Taylor Swift",0.385,0.464,0.705,-5.97,0.0434,0.00976,0.209,183.892,"Wonderland (Taylor's Version)","1989 (Taylor's Version) [Deluxe]",2023
"15","Taylor Swift",0.477,0.363,0.498,-9.473,0.0755,0.61,0.112,84.68,"You Are In Love (Taylor's Version)","1989 (Taylor's Version) [Deluxe]",2023
"16","Taylor Swift",0.698,0.649,0.846,-5.958,0.0602,0.00675,0.0824,121.978,"New Romantics (Taylor's Version)","1989 (Taylor's Version) [Deluxe]",2023
"17","Taylor Swift",0.328,0.591,0.412,-13.27,0.0863,0.309,0.0608,155.875,"""Slut!"" (Taylor's Version) (From The Vault)","1989 (Taylor's Version) [Deluxe]",2023
"18","Taylor Swift",0.164,0.633,0.551,-8.297,0.0341,0.066,0.127,109.95,"Say Don't Go (Taylor's Version) (From The Vault)","1989 (Taylor's Version) [Deluxe]",2023
"19","Taylor Swift",0.0831,0.8,0.501,-9.332,0.034,0.16,0.0874,110.013,"Now That We Don't Talk (Taylor's Version) (From The Vault)","1989 (Taylor's Version) [Deluxe]",2023
"20","Taylor Swift",0.323,0.701,0.625,-8.804,0.036,0.207,0.105,118.036,"Suburban Legends (Taylor's Version) (From The Vault)","1989 (Taylor's Version) [Deluxe]",2023
"21","Taylor Swift",0.191,0.595,0.656,-7.343,0.037,0.041,0.122,99.994,"Is It Over Now? (Taylor's Version) (From The Vault)","1989 (Taylor's Version) [Deluxe]",2023
"22","Taylor Swift",0.174,0.602,0.648,-6.905,0.103,0.0104,0.217,170.091,"Bad Blood (feat. Kendrick Lamar) (Taylor's Version)","1989 (Taylor's Version) [Deluxe]",2023
"23","Taylor Swift",0.674,0.761,0.607,-4.83,0.0312,0.00961,0.367,116.98,"Welcome To New York (Taylor's Version)","1989 (Taylor's Version)",2023
"24","Taylor Swift",0.755,0.737,0.725,-5.417,0.0641,0.0976,0.174,96.012,"Blank Space (Taylor's Version)","1989 (Taylor's Version)",2023
"25","Taylor Swift",0.292,0.575,0.824,-4.823,0.038,0.000418,0.0901,94.971,"Style (Taylor's Version)","1989 (Taylor's Version)",2023
"26","Taylor Swift",0.192,0.547,0.885,-5.961,0.0418,0.000512,0.39,91.992,"Out Of The Woods (Taylor's Version)","1989 (Taylor's Version)",2023
"27","Taylor Swift",0.481,0.586,0.72,-5.556,0.035,0.000718,0.0949,97.057,"All You Had To Do Was Stay (Taylor's Version)","1989 (Taylor's Version)",2023
"28","Taylor Swift",0.921,0.632,0.807,-5.676,0.0738,0.0103,0.29,160.055,"Shake It Off (Taylor's Version)","1989 (Taylor's Version)",2023
"29","Taylor Swift",0.541,0.669,0.851,-6.526,0.0432,0.00357,0.0676,118.026,"I Wish You Would (Taylor's Version)","1989 (Taylor's Version)",2023
"30","Taylor Swift",0.364,0.619,0.686,-6.369,0.164,0.0385,0.307,169.943,"Bad Blood (Taylor's Version)","1989 (Taylor's Version)",2023
"31","Taylor Swift",0.514,0.581,0.672,-7.415,0.0739,0.0411,0.118,140.061,"Wildest Dreams (Taylor's Version)","1989 (Taylor's Version)",2023
"32","Taylor Swift",0.547,0.754,0.682,-5.789,0.0565,0.00209,0.0941,120.027,"How You Get The Girl (Taylor's Version)","1989 (Taylor's Version)",2023
"33","Taylor Swift",0.0586,0.474,0.511,-8.766,0.0339,0.299,0.0673,144.022,"This Love (Taylor’s Version)","1989 (Taylor's Version)",2023
"34","Taylor Swift",0.68,0.575,0.803,-5.393,0.0465,0.087,0.0971,160.039,"I Know Places (Taylor's Version)","1989 (Taylor's Version)",2023
"35","Taylor Swift",0.239,0.771,0.386,-8.917,0.0297,0.276,0.121,103.96,"Clean (Taylor's Version)","1989 (Taylor's Version)",2023
"36","Taylor Swift",0.337,0.462,0.708,-5.971,0.0555,0.00933,0.198,183.811,"Wonderland (Taylor's Version)","1989 (Taylor's Version)",2023
"37","Taylor Swift",0.492,0.537,0.495,-9.416,0.0573,0.609,0.112,84.948,"You Are In Love (Taylor's Version)","1989 (Taylor's Version)",2023
"38","Taylor Swift",0.698,0.651,0.855,-5.959,0.0538,0.0068,0.0759,121.98,"New Romantics (Taylor's Version)","1989 (Taylor's Version)",2023
"39","Taylor Swift",0.306,0.629,0.413,-13.178,0.055,0.345,0.0603,77.983,"""Slut!"" (Taylor's Version) (From The Vault)","1989 (Taylor's Version)",2023
"40","Taylor Swift",0.192,0.626,0.547,-8.285,0.0342,0.0656,0.149,109.946,"Say Don't Go (Taylor's Version) (From The Vault)","1989 (Taylor's Version)",2023
"41","Taylor Swift",0.0662,0.793,0.512,-9.319,0.0338,0.186,0.0889,109.994,"Now That We Don't Talk (Taylor's Version) (From The Vault)","1989 (Taylor's Version)",2023
"42","Taylor Swift",0.344,0.699,0.621,-8.739,0.0369,0.198,0.104,118.048,"Suburban Legends (Taylor's Version) (From The Vault)","1989 (Taylor's Version)",2023
"43","Taylor Swift",0.176,0.596,0.658,-7.346,0.036,0.0504,0.127,100.012,"Is It Over Now? (Taylor's Version) (From The Vault)","1989 (Taylor's Version)",2023
"44","Taylor Swift",0.49,0.646,0.783,-2.846,0.0356,0.00444,0.171,121.08,"Mine (Taylor's Version)","Speak Now (Taylor's Version)",2023
"45","Taylor Swift",0.387,0.588,0.758,-2.347,0.0305,0.0251,0.131,114.991,"Sparks Fly (Taylor’s Version)","Speak Now (Taylor's Version)",2023
"46","Taylor Swift",0.203,0.497,0.635,-3.927,0.0273,0.00621,0.117,142.063,"Back To December (Taylor's Version)","Speak Now (Taylor's Version)",2023
"47","Taylor Swift",0.639,0.727,0.677,-2.871,0.0325,0.248,0.143,118.995,"Speak Now (Taylor's Version)","Speak Now (Taylor's Version)",2023
"48","Taylor Swift",0.133,0.419,0.47,-5.016,0.0296,0.0236,0.163,119.294,"Dear John (Taylor's Version)","Speak Now (Taylor's Version)",2023
"49","Taylor Swift",0.621,0.524,0.692,-3.866,0.0369,0.311,0.192,163.874,"Mean (Taylor's Version)","Speak Now (Taylor's Version)",2023
"50","Taylor Swift",0.57,0.515,0.781,-2.608,0.0535,0.00192,0.054,139.846,"The Story Of Us (Taylor's Version)","Speak Now (Taylor's Version)",2023
"51","Taylor Swift",0.569,0.685,0.323,-7.103,0.0289,0.851,0.198,125.058,"Never Grow Up (Taylor's Version)","Speak Now (Taylor's Version)",2023
"52","Taylor Swift",0.216,0.505,0.532,-3.526,0.0265,0.012,0.149,81.907,"Enchanted (Taylor's Version)","Speak Now (Taylor's Version)",2023
"53","Taylor Swift",0.665,0.496,0.885,-2.969,0.0803,0.000886,0.191,145.863,"Better Than Revenge (Taylor's Version)","Speak Now (Taylor's Version)",2023
"54","Taylor Swift",0.149,0.522,0.598,-5.327,0.0284,0.101,0.152,133.627,"Innocent (Taylor's Version)","Speak Now (Taylor's Version)",2023
"55","Taylor Swift",0.355,0.427,0.915,-1.909,0.0619,0.00667,0.221,162.201,"Haunted (Taylor's Version)","Speak Now (Taylor's Version)",2023
"56","Taylor Swift",0.16,0.55,0.366,-8.46,0.0276,0.447,0.101,79.401,"Last Kiss (Taylor's Version)","Speak Now (Taylor's Version)",2023
"57","Taylor Swift",0.0752,0.375,0.65,-4.031,0.0402,0.0122,0.189,203.89,"Long Live (Taylor's Version)","Speak Now (Taylor's Version)",2023
"58","Taylor Swift",0.348,0.535,0.488,-8.261,0.0278,0.449,0.111,159.813,"Ours (Taylor’s Version)","Speak Now (Taylor's Version)",2023
"59","Taylor Swift",0.356,0.533,0.742,-3.473,0.0303,0.0031,0.108,131.93,"Superman (Taylor’s Version)","Speak Now (Taylor's Version)",2023
"60","Taylor Swift",0.282,0.547,0.855,-4.7,0.0597,0.0164,0.144,131.073,"Electric Touch (feat. Fall Out Boy) (Taylor’s Version) (From The Vault)","Speak Now (Taylor's Version)",2023
"61","Taylor Swift",0.231,0.474,0.763,-4.632,0.0505,0.159,0.138,78.133,"When Emma Falls in Love (Taylor’s Version) (From The Vault)","Speak Now (Taylor's Version)",2023
"62","Taylor Swift",0.819,0.694,0.764,-4.893,0.0337,0.0586,0.0608,123.044,"I Can See You (Taylor’s Version) (From The Vault)","Speak Now (Taylor's Version)",2023
"63","Taylor Swift",0.378,0.576,0.57,-7.925,0.0434,0.362,0.0668,147.803,"Castles Crumbling (feat. Hayley Williams) (Taylor’s Version) (From The Vault)","Speak Now (Taylor's Version)",2023
"64","Taylor Swift",0.543,0.671,0.588,-4.675,0.0299,0.617,0.111,96.965,"Foolish One (Taylor’s Version) (From The Vault)","Speak Now (Taylor's Version)",2023
"65","Taylor Swift",0.65,0.624,0.585,-5.847,0.0328,0.3,0.0916,142.883,"Timeless (Taylor’s Version) (From The Vault)","Speak Now (Taylor's Version)",2023
"66","Taylor Swift",0.0751,0.735,0.454,-10.516,0.0876,0.236,0.133,97.043,"Lavender Haze","Midnights (The Til Dawn Edition)",2023
"67","Taylor Swift",0.0382,0.65,0.397,-8.237,0.0365,0.0609,0.089,108.055,"Maroon","Midnights (The Til Dawn Edition)",2023
"68","Taylor Swift",0.497,0.637,0.649,-6.59,0.0584,0.115,0.147,96.935,"Anti-Hero","Midnights (The Til Dawn Edition)",2023
"69","Taylor Swift",0.166,0.653,0.331,-13.534,0.039,0.705,0.116,110.014,"Snow On The Beach (feat. Lana Del Rey)","Midnights (The Til Dawn Edition)",2023
"70","Taylor Swift",0.39,0.694,0.386,-10.312,0.0597,0.423,0.126,120.044,"You're On Your Own, Kid","Midnights (The Til Dawn Edition)",2023
"71","Taylor Swift",0.198,0.654,0.372,-11.704,0.0667,0.705,0.114,140.15,"Midnight Rain","Midnights (The Til Dawn Edition)",2023
"72","Taylor Swift",0.113,0.741,0.509,-8.747,0.19,0.205,0.262,108.978,"Question...?","Midnights (The Til Dawn Edition)",2023
"73","Taylor Swift",0.157,0.867,0.272,-11.014,0.363,0.157,0.118,79.962,"Vigilante Shit","Midnights (The Til Dawn Edition)",2023
"74","Taylor Swift",0.425,0.695,0.546,-9.184,0.066,0.0648,0.0883,164,"Bejeweled","Midnights (The Til Dawn Edition)",2023
"75","Taylor Swift",0.13,0.493,0.308,-15.489,0.0436,0.804,0.123,109.993,"Labyrinth","Midnights (The Til Dawn Edition)",2023
"76","Taylor Swift",0.0956,0.647,0.614,-7.091,0.0651,0.0782,0.611,90.034,"Karma","Midnights (The Til Dawn Edition)",2023
"77","Taylor Swift",0.391,0.335,0.166,-14.958,0.048,0.967,0.115,175.917,"Sweet Nothing","Midnights (The Til Dawn Edition)",2023
"78","Taylor Swift",0.126,0.661,0.345,-14.037,0.144,0.545,0.0871,125.977,"Mastermind","Midnights (The Til Dawn Edition)",2023
"79","Taylor Swift",0.592,0.573,0.737,-9.002,0.0352,0.203,0.0851,96.009,"The Great War","Midnights (The Til Dawn Edition)",2023
"80","Taylor Swift",0.0633,0.48,0.22,-12.469,0.0425,0.837,0.116,82.951,"Bigger Than The Whole Sky","Midnights (The Til Dawn Edition)",2023
"81","Taylor Swift",0.454,0.691,0.498,-10.519,0.101,0.116,0.136,110.963,"Paris","Midnights (The Til Dawn Edition)",2023
"82","Taylor Swift",0.766,0.564,0.545,-10.17,0.104,0.726,0.0878,176.082,"High Infidelity","Midnights (The Til Dawn Edition)",2023
"83","Taylor Swift",0.399,0.677,0.451,-9.744,0.19,0.318,0.11,140.845,"Glitch","Midnights (The Til Dawn Edition)",2023
"84","Taylor Swift",0.534,0.482,0.837,-6.501,0.12,0.435,0.123,157.96,"Would've, Could've, Should've","Midnights (The Til Dawn Edition)",2023
"85","Taylor Swift",0.162,0.475,0.386,-12.038,0.0737,0.497,0.119,107.601,"Dear Reader","Midnights (The Til Dawn Edition)",2023
"86","Taylor Swift",0.239,0.672,0.782,-6.499,0.0421,0.148,0.296,106.026,"Hits Different","Midnights (The Til Dawn Edition)",2023
"87","Taylor Swift",0.315,0.664,0.401,-10.934,0.0344,0.806,0.108,109.846,"Snow On The Beach (feat. More Lana Del Rey)","Midnights (The Til Dawn Edition)",2023
"88","Taylor Swift",0.0734,0.615,0.616,-6.523,0.0622,0.0623,0.579,89.977,"Karma (feat. Ice Spice)","Midnights (The Til Dawn Edition)",2023
"89","Taylor Swift",0.0984,0.735,0.444,-10.519,0.0684,0.204,0.17,97.038,"Lavender Haze","Midnights (3am Edition)",2022
"90","Taylor Swift",0.0382,0.658,0.378,-8.3,0.0379,0.0593,0.0976,108.034,"Maroon","Midnights (3am Edition)",2022
"91","Taylor Swift",0.519,0.638,0.634,-6.582,0.0457,0.133,0.152,96.953,"Anti-Hero","Midnights (3am Edition)",2022
"92","Taylor Swift",0.154,0.659,0.323,-13.425,0.0436,0.735,0.116,110.007,"Snow On The Beach (feat. Lana Del Rey)","Midnights (3am Edition)",2022
"93","Taylor Swift",0.376,0.694,0.38,-10.307,0.0614,0.416,0.126,120.044,"You're On Your Own, Kid","Midnights (3am Edition)",2022
"94","Taylor Swift",0.23,0.636,0.377,-11.721,0.0708,0.71,0.115,139.966,"Midnight Rain","Midnights (3am Edition)",2022
"95","Taylor Swift",0.112,0.751,0.502,-8.777,0.162,0.226,0.297,108.989,"Question...?","Midnights (3am Edition)",2022
"96","Taylor Swift",0.16,0.87,0.279,-11.134,0.364,0.16,0.121,79.996,"Vigilante Shit","Midnights (3am Edition)",2022
"97","Taylor Swift",0.412,0.7,0.55,-9.13,0.0653,0.0661,0.091,164.003,"Bejeweled","Midnights (3am Edition)",2022
"98","Taylor Swift",0.141,0.487,0.313,-15.434,0.0487,0.791,0.124,110.039,"Labyrinth","Midnights (3am Edition)",2022
"99","Taylor Swift",0.106,0.649,0.622,-7.054,0.0582,0.074,0.594,90.024,"Karma","Midnights (3am Edition)",2022
"100","Taylor Swift",0.396,0.334,0.161,-14.875,0.0506,0.967,0.115,176.747,"Sweet Nothing","Midnights (3am Edition)",2022
"101","Taylor Swift",0.13,0.661,0.352,-14.077,0.117,0.571,0.0884,125.934,"Mastermind","Midnights (3am Edition)",2022
"102","Taylor Swift",0.554,0.573,0.741,-8.987,0.0353,0.219,0.0842,96.016,"The Great War","Midnights (3am Edition)",2022
"103","Taylor Swift",0.068,0.422,0.235,-12.379,0.0568,0.826,0.115,165.71,"Bigger Than The Whole Sky","Midnights (3am Edition)",2022
"104","Taylor Swift",0.345,0.7,0.509,-10.547,0.0789,0.112,0.137,110.947,"Paris","Midnights (3am Edition)",2022
"105","Taylor Swift",0.755,0.646,0.529,-10.179,0.0864,0.723,0.0885,87.862,"High Infidelity","Midnights (3am Edition)",2022
"106","Taylor Swift",0.347,0.675,0.466,-9.738,0.201,0.361,0.11,140.864,"Glitch","Midnights (3am Edition)",2022
"107","Taylor Swift",0.55,0.483,0.84,-6.508,0.119,0.43,0.146,157.979,"Would've, Could've, Should've","Midnights (3am Edition)",2022
"108","Taylor Swift",0.159,0.562,0.388,-12.088,0.0705,0.481,0.117,107.747,"Dear Reader","Midnights (3am Edition)",2022
"109","Taylor Swift",0.0976,0.733,0.436,-10.489,0.08,0.258,0.157,96.985,"Lavender Haze","Midnights",2022
"110","Taylor Swift",0.0374,0.637,0.398,-8.294,0.0564,0.0573,0.101,108.075,"Maroon","Midnights",2022
"111","Taylor Swift",0.533,0.637,0.643,-6.571,0.0519,0.13,0.142,97.008,"Anti-Hero","Midnights",2022
"112","Taylor Swift",0.193,0.663,0.319,-13.481,0.0375,0.69,0.117,109.957,"Snow On The Beach (feat. Lana Del Rey)","Midnights",2022
"113","Taylor Swift",0.38,0.696,0.396,-10.289,0.0656,0.401,0.125,120.041,"You're On Your Own, Kid","Midnights",2022
"114","Taylor Swift",0.23,0.643,0.363,-11.738,0.0767,0.69,0.115,139.865,"Midnight Rain","Midnights",2022
"115","Taylor Swift",0.106,0.751,0.502,-8.763,0.167,0.2,0.296,108.943,"Question...?","Midnights",2022
"116","Taylor Swift",0.163,0.798,0.277,-11.096,0.39,0.173,0.121,79.846,"Vigilante Shit","Midnights",2022
"117","Taylor Swift",0.433,0.696,0.559,-9.19,0.0693,0.0618,0.0887,163.999,"Bejeweled","Midnights",2022
"118","Taylor Swift",0.122,0.406,0.306,-15.48,0.0517,0.785,0.122,110.014,"Labyrinth","Midnights",2022
"119","Taylor Swift",0.0969,0.642,0.62,-7.091,0.0666,0.0734,0.483,90.02,"Karma","Midnights",2022
"120","Taylor Swift",0.39,0.337,0.156,-14.919,0.0518,0.964,0.115,176.655,"Sweet Nothing","Midnights",2022
"121","Taylor Swift",0.124,0.662,0.357,-14.064,0.154,0.553,0.0837,125.966,"Mastermind","Midnights",2022
"122","Taylor Swift",0.328,0.594,0.713,-5.314,0.0503,0.000328,0.114,129.958,"State Of Grace (Taylor's Version)","Red (Taylor's Version)",2021
"123","Taylor Swift",0.408,0.516,0.777,-4.908,0.0375,0.00108,0.0761,125.047,"Red (Taylor's Version)","Red (Taylor's Version)",2021
"124","Taylor Swift",0.299,0.645,0.593,-6.506,0.0288,0.0344,0.13,109.984,"Treacherous (Taylor's Version)","Red (Taylor's Version)",2021
"125","Taylor Swift",0.767,0.584,0.557,-6.371,0.0342,0.0129,0.0576,154.008,"I Knew You Were Trouble (Taylor's Version)","Red (Taylor's Version)",2021
"126","Taylor Swift",0.132,0.44,0.528,-7.809,0.0317,0.0171,0.234,185.972,"All Too Well (Taylor's Version)","Red (Taylor's Version)",2021
"127","Taylor Swift",0.642,0.642,0.695,-5.62,0.0281,0.000443,0.0753,103.984,"22 (Taylor's Version)","Red (Taylor's Version)",2021
"128","Taylor Swift",0.248,0.511,0.559,-6.587,0.0264,0.0167,0.113,145.88,"I Almost Do (Taylor's Version)","Red (Taylor's Version)",2021
"129","Taylor Swift",0.716,0.567,0.686,-6.139,0.175,0.0317,0.0732,172.014,"We Are Never Ever Getting Back Together (Taylor's Version)","Red (Taylor's Version)",2021
"130","Taylor Swift",0.663,0.693,0.681,-7.039,0.025,0.0848,0.0768,100.02,"Stay Stay Stay (Taylor's Version)","Red (Taylor's Version)",2021
"131","Taylor Swift",0.155,0.502,0.534,-5.954,0.0278,0.0399,0.0977,94.05,"The Last Time (feat. Gary Lightbody of Snow Patrol) (Taylor’s Version)","Red (Taylor's Version)",2021
"132","Taylor Swift",0.511,0.622,0.809,-5.623,0.0638,0.0288,0.109,156.894,"Holy Ground (Taylor's Version)","Red (Taylor's Version)",2021
"133","Taylor Swift",0.232,0.601,0.406,-11.827,0.0275,0.622,0.133,130.059,"Sad Beautiful Tragic (Taylor's Version)","Red (Taylor's Version)",2021
"134","Taylor Swift",0.538,0.686,0.571,-7.138,0.05,0.066,0.0608,117.889,"The Lucky One (Taylor's Version)","Red (Taylor's Version)",2021
"135","Taylor Swift",0.474,0.498,0.61,-5.098,0.0363,0.271,0.223,79.918,"Everything Has Changed (feat. Ed Sheeran) (Taylor’s Version)","Red (Taylor's Version)",2021
"136","Taylor Swift",0.605,0.628,0.685,-5.864,0.0358,0.00324,0.18,126.014,"Starlight (Taylor's Version)","Red (Taylor's Version)",2021
"137","Taylor Swift",0.267,0.519,0.527,-7.673,0.0274,0.075,0.132,78.915,"Begin Again (Taylor's Version)","Red (Taylor's Version)",2021
"138","Taylor Swift",0.208,0.636,0.402,-7.855,0.031,0.0494,0.107,125.952,"The Moment I Knew (Taylor's Version)","Red (Taylor's Version)",2021
"139","Taylor Swift",0.399,0.46,0.632,-6.031,0.0302,0.0158,0.0822,79.846,"Come Back...Be Here (Taylor's Version)","Red (Taylor's Version)",2021
"140","Taylor Swift",0.612,0.691,0.736,-6.974,0.0326,0.00955,0.101,125.089,"Girl At Home (Taylor's Version)","Red (Taylor's Version)",2021
"141","Taylor Swift",0.101,0.445,0.131,-13.778,0.0564,0.663,0.108,208.918,"State Of Grace (Acoustic Version) (Taylor's Version)","Red (Taylor's Version)",2021
"142","Taylor Swift",0.38,0.623,0.279,-10.802,0.031,0.661,0.193,116.04,"Ronan (Taylor's Version)","Red (Taylor's Version)",2021
"143","Taylor Swift",0.255,0.473,0.579,-5.824,0.0384,0.214,0.0877,73.942,"Better Man (Taylor's Version) (From The Vault)","Red (Taylor's Version)",2021
"144","Taylor Swift",0.446,0.606,0.377,-9.455,0.0275,0.817,0.154,101.96,"Nothing New (feat. Phoebe Bridgers) (Taylor’s Version) (From The Vault)","Red (Taylor's Version)",2021
"145","Taylor Swift",0.746,0.584,0.743,-7.075,0.0931,0.0538,0.121,167.844,"Babe (Taylor's Version) (From The Vault)","Red (Taylor's Version)",2021
"146","Taylor Swift",0.494,0.622,0.791,-6.106,0.0535,0.00188,0.083,115.915,"Message In A Bottle (Taylor's Version) (From The Vault)","Red (Taylor's Version)",2021
"147","Taylor Swift",0.473,0.391,0.715,-4.516,0.0495,0.167,0.183,149.654,"I Bet You Think About Me (feat. Chris Stapleton) (Taylor’s Version) (From The Vault)","Red (Taylor's Version)",2021
"148","Taylor Swift",0.41,0.611,0.552,-5.828,0.031,0.256,0.134,116.012,"Forever Winter (Taylor's Version) (From The Vault)","Red (Taylor's Version)",2021
"149","Taylor Swift",0.443,0.61,0.488,-6.918,0.0293,0.817,0.312,125.039,"Run (feat. Ed Sheeran) (Taylor’s Version) (From The Vault)","Red (Taylor's Version)",2021
"150","Taylor Swift",0.581,0.678,0.733,-5.025,0.0281,0.00115,0.104,121.009,"The Very First Night (Taylor's Version) (From The Vault)","Red (Taylor's Version)",2021
"151","Taylor Swift",0.205,0.631,0.518,-8.771,0.0303,0.274,0.088,93.023,"All Too Well (10 Minute Version) (Taylor's Version) (From The Vault)","Red (Taylor's Version)",2021
"152","Taylor Swift",0.43,0.569,0.741,-4.963,0.0282,0.0122,0.333,100.118,"Fearless (Taylor’s Version)","Fearless (Taylor's Version)",2021
"153","Taylor Swift",0.289,0.559,0.646,-4.61,0.0272,0.116,0.32,95.466,"Fifteen (Taylor’s Version)","Fearless (Taylor's Version)",2021
"154","Taylor Swift",0.415,0.627,0.792,-4.311,0.031,0.13,0.0845,119.054,"Love Story (Taylor’s Version)","Fearless (Taylor's Version)",2021
"155","Taylor Swift",0.797,0.788,0.571,-6.135,0.0296,0.106,0.0934,115.99,"Hey Stephen (Taylor’s Version)","Fearless (Taylor's Version)",2021
"156","Taylor Swift",0.366,0.423,0.517,-7.377,0.0486,0.369,0.177,185.262,"White Horse (Taylor’s Version)","Fearless (Taylor's Version)",2021
"157","Taylor Swift",0.474,0.632,0.773,-4.856,0.0346,0.0623,0.0885,130.033,"You Belong With Me (Taylor’s Version)","Fearless (Taylor's Version)",2021
"158","Taylor Swift",0.321,0.506,0.626,-6.066,0.0287,0.156,0.228,148.035,"Breathe (feat. Colbie Caillat) (Taylor’s Version)","Fearless (Taylor's Version)",2021
"159","Taylor Swift",0.541,0.578,0.909,-3.669,0.0628,0.0222,0.333,100.023,"Tell Me Why (Taylor’s Version)","Fearless (Taylor's Version)",2021
"160","Taylor Swift",0.241,0.506,0.444,-4.99,0.0285,0.0538,0.123,133.873,"You’re Not Sorry (Taylor’s Version)","Fearless (Taylor's Version)",2021
"161","Taylor Swift",0.472,0.402,0.732,-4.665,0.0484,0.0033,0.108,161.032,"The Way I Loved You (Taylor’s Version)","Fearless (Taylor's Version)",2021
"162","Taylor Swift",0.673,0.598,0.821,-4.433,0.0447,0.0231,0.143,128.03,"Forever & Always (Taylor’s Version)","Fearless (Taylor's Version)",2021
"163","Taylor Swift",0.469,0.642,0.576,-8.524,0.0282,0.488,0.159,125,"The Best Day (Taylor’s Version)","Fearless (Taylor's Version)",2021
"164","Taylor Swift",0.344,0.499,0.815,-4.063,0.0341,0.000191,0.181,95.999,"Change (Taylor’s Version)","Fearless (Taylor's Version)",2021
"165","Taylor Swift",0.624,0.572,0.69,-6.201,0.0358,0.0474,0.0897,160.111,"Jump Then Fall (Taylor’s Version)","Fearless (Taylor's Version)",2021
"166","Taylor Swift",0.224,0.393,0.531,-6.112,0.0329,0.0181,0.169,200.391,"Untouchable (Taylor’s Version)","Fearless (Taylor's Version)",2021
"167","Taylor Swift",0.271,0.546,0.273,-9.208,0.0308,0.819,0.137,118.753,"Forever & Always (Piano Version) (Taylor’s Version)","Fearless (Taylor's Version)",2021
"168","Taylor Swift",0.167,0.476,0.564,-5.677,0.0269,0.0406,0.102,143.929,"Come In With The Rain (Taylor’s Version)","Fearless (Taylor's Version)",2021
"169","Taylor Swift",0.171,0.454,0.555,-6.69,0.0283,0.157,0.343,171.862,"Superstar (Taylor’s Version)","Fearless (Taylor's Version)",2021
"170","Taylor Swift",0.629,0.432,0.873,-4.367,0.0577,0.0279,0.167,163.936,"The Other Side Of The Door (Taylor’s Version)","Fearless (Taylor's Version)",2021
"171","Taylor Swift",0.328,0.482,0.779,-5.025,0.0409,0.0135,0.296,158.162,"Today Was A Fairytale (Taylor’s Version)","Fearless (Taylor's Version)",2021
"172","Taylor Swift",0.44,0.599,0.494,-7.61,0.0372,0.816,0.101,142.893,"You All Over Me (feat. Maren Morris) (Taylor’s Version) (From The Vault)","Fearless (Taylor's Version)",2021
"173","Taylor Swift",0.714,0.66,0.817,-6.269,0.0521,0.162,0.0667,135.942,"Mr. Perfectly Fine (Taylor’s Version) (From The Vault)","Fearless (Taylor's Version)",2021
"174","Taylor Swift",0.13,0.609,0.373,-8.819,0.0263,0.849,0.0779,106.007,"We Were Happy (Taylor’s Version) (From The Vault)","Fearless (Taylor's Version)",2021
"175","Taylor Swift",0.508,0.588,0.608,-7.062,0.0365,0.225,0.092,90.201,"That’s When (feat. Keith Urban) (Taylor’s Version) (From The Vault)","Fearless (Taylor's Version)",2021
"176","Taylor Swift",0.405,0.563,0.473,-11.548,0.0503,0.514,0.109,101.934,"Don’t You (Taylor’s Version) (From The Vault)","Fearless (Taylor's Version)",2021
"177","Taylor Swift",0.527,0.624,0.624,-7.86,0.0539,0.334,0.0995,80.132,"Bye Bye Baby (Taylor’s Version) (From The Vault)","Fearless (Taylor's Version)",2021
"178","Taylor Swift",0.529,0.392,0.574,-9.195,0.17,0.833,0.145,81.112,"willow","evermore (deluxe version)",2021
"179","Taylor Swift",0.32,0.462,0.24,-12.077,0.0377,0.92,0.113,171.319,"champagne problems","evermore (deluxe version)",2021
"180","Taylor Swift",0.353,0.512,0.462,-10.491,0.0408,0.83,0.121,112.05,"gold rush","evermore (deluxe version)",2021
"181","Taylor Swift",0.348,0.575,0.434,-8.193,0.0312,0.735,0.105,145.916,"‘tis the damn season","evermore (deluxe version)",2021
"182","Taylor Swift",0.221,0.316,0.361,-10.381,0.0488,0.878,0.0797,74.952,"tolerate it","evermore (deluxe version)",2021
"183","Taylor Swift",0.535,0.546,0.613,-7.589,0.0264,0.418,0.103,79.015,"no body, no crime (feat. HAIM)","evermore (deluxe version)",2021
"184","Taylor Swift",0.211,0.559,0.334,-10.733,0.0376,0.87,0.114,122.079,"happiness","evermore (deluxe version)",2021
"185","Taylor Swift",0.354,0.605,0.488,-8.322,0.0264,0.696,0.129,119.966,"dorothea","evermore (deluxe version)",2021
"186","Taylor Swift",0.292,0.537,0.537,-11.266,0.0617,0.819,0.142,107.895,"coney island (feat. The National)","evermore (deluxe version)",2021
"187","Taylor Swift",0.535,0.515,0.545,-9.277,0.0353,0.855,0.0921,88.856,"ivy","evermore (deluxe version)",2021
"188","Taylor Swift",0.511,0.604,0.517,-9.014,0.0347,0.768,0.123,127.967,"cowboy like me","evermore (deluxe version)",2021
"189","Taylor Swift",0.573,0.546,0.73,-7.704,0.0417,0.66,0.0972,157.895,"long story short","evermore (deluxe version)",2021
"190","Taylor Swift",0.287,0.535,0.561,-11.609,0.0484,0.876,0.115,96.103,"marjorie","evermore (deluxe version)",2021
"191","Taylor Swift",0.92,0.689,0.704,-10.813,0.245,0.835,0.134,151.884,"closure","evermore (deluxe version)",2021
"192","Taylor Swift",0.32,0.39,0.27,-10.673,0.0308,0.937,0.111,125.177,"evermore (feat. Bon Iver)","evermore (deluxe version)",2021
"193","Taylor Swift",0.645,0.581,0.619,-6.524,0.0282,0.769,0.117,137.915,"right where you left me - bonus track","evermore (deluxe version)",2021
"194","Taylor Swift",0.416,0.592,0.41,-12.426,0.0397,0.801,0.09,151.923,"it’s time to go - bonus track","evermore (deluxe version)",2021
"195","Taylor Swift",0.529,0.392,0.574,-9.195,0.17,0.833,0.145,81.112,"willow","evermore",2020
"196","Taylor Swift",0.32,0.462,0.24,-12.077,0.0377,0.92,0.113,171.319,"champagne problems","evermore",2020
"197","Taylor Swift",0.353,0.512,0.462,-10.491,0.0408,0.83,0.121,112.05,"gold rush","evermore",2020
"198","Taylor Swift",0.348,0.575,0.434,-8.193,0.0312,0.735,0.105,145.916,"‘tis the damn season","evermore",2020
"199","Taylor Swift",0.221,0.316,0.361,-10.381,0.0488,0.878,0.0797,74.952,"tolerate it","evermore",2020
"200","Taylor Swift",0.535,0.546,0.613,-7.589,0.0264,0.418,0.103,79.015,"no body, no crime (feat. HAIM)","evermore",2020
"201","Taylor Swift",0.211,0.559,0.334,-10.733,0.0376,0.87,0.114,122.079,"happiness","evermore",2020
"202","Taylor Swift",0.354,0.605,0.488,-8.322,0.0264,0.696,0.129,119.966,"dorothea","evermore",2020
"203","Taylor Swift",0.292,0.537,0.537,-11.266,0.0617,0.819,0.142,107.895,"coney island (feat. The National)","evermore",2020
"204","Taylor Swift",0.535,0.515,0.545,-9.277,0.0353,0.855,0.0921,88.856,"ivy","evermore",2020
"205","Taylor Swift",0.511,0.604,0.517,-9.014,0.0347,0.768,0.123,127.967,"cowboy like me","evermore",2020
"206","Taylor Swift",0.573,0.546,0.73,-7.704,0.0417,0.66,0.0972,157.895,"long story short","evermore",2020
"207","Taylor Swift",0.287,0.535,0.561,-11.609,0.0484,0.876,0.115,96.103,"marjorie","evermore",2020
"208","Taylor Swift",0.92,0.689,0.704,-10.813,0.245,0.835,0.134,151.884,"closure","evermore",2020
"209","Taylor Swift",0.32,0.39,0.27,-10.673,0.0308,0.937,0.111,125.177,"evermore (feat. Bon Iver)","evermore",2020
"210","Taylor Swift",0.163,0.78,0.361,-6.942,0.048,0.75,0.108,139.902,"the 1","folklore: the long pond studio sessions (from the Disney+ special) [deluxe edition]",2020
"211","Taylor Swift",0.534,0.612,0.58,-8.572,0.0419,0.525,0.26,130.045,"cardigan","folklore: the long pond studio sessions (from the Disney+ special) [deluxe edition]",2020
"212","Taylor Swift",0.701,0.688,0.653,-8.558,0.0403,0.481,0.106,147.991,"the last great american dynasty","folklore: the long pond studio sessions (from the Disney+ special) [deluxe edition]",2020
"213","Taylor Swift",0.16,0.31,0.374,-8.464,0.0275,0.761,0.11,75.938,"exile (feat. Bon Iver)","folklore: the long pond studio sessions (from the Disney+ special) [deluxe edition]",2020
"214","Taylor Swift",0.112,0.456,0.265,-10.663,0.0328,0.814,0.0679,129.947,"my tears ricochet","folklore: the long pond studio sessions (from the Disney+ special) [deluxe edition]",2020
"215","Taylor Swift",0.347,0.549,0.417,-10.064,0.035,0.686,0.0604,110.137,"mirrorball","folklore: the long pond studio sessions (from the Disney+ special) [deluxe edition]",2020
"216","Taylor Swift",0.374,0.602,0.494,-10.813,0.0277,0.888,0.0902,94.955,"seven","folklore: the long pond studio sessions (from the Disney+ special) [deluxe edition]",2020
"217","Taylor Swift",0.42,0.387,0.634,-9.222,0.0363,0.553,0.0931,89.567,"august","folklore: the long pond studio sessions (from the Disney+ special) [deluxe edition]",2020
"218","Taylor Swift",0.408,0.511,0.478,-9.837,0.0322,0.312,0.147,135.882,"this is me trying","folklore: the long pond studio sessions (from the Disney+ special) [deluxe edition]",2020
"219","Taylor Swift",0.44,0.529,0.304,-10.567,0.0356,0.862,0.108,119.58,"illicit affairs","folklore: the long pond studio sessions (from the Disney+ special) [deluxe edition]",2020
"220","Taylor Swift",0.454,0.651,0.459,-11.128,0.0507,0.859,0.105,83.455,"invisible string","folklore: the long pond studio sessions (from the Disney+ special) [deluxe edition]",2020
"221","Taylor Swift",0.451,0.593,0.7,-9.016,0.0492,0.67,0.116,141.898,"mad woman","folklore: the long pond studio sessions (from the Disney+ special) [deluxe edition]",2020
"222","Taylor Swift",0.103,0.317,0.254,-13.679,0.0286,0.727,0.0867,93.933,"epiphany","folklore: the long pond studio sessions (from the Disney+ special) [deluxe edition]",2020
"223","Taylor Swift",0.476,0.595,0.376,-8.767,0.0256,0.589,0.0989,95.946,"betty","folklore: the long pond studio sessions (from the Disney+ special) [deluxe edition]",2020
"224","Taylor Swift",0.328,0.644,0.284,-12.879,0.0821,0.916,0.0909,150.072,"peace","folklore: the long pond studio sessions (from the Disney+ special) [deluxe edition]",2020
"225","Taylor Swift",0.404,0.676,0.178,-15.01,0.0394,0.964,0.135,118.84,"hoax","folklore: the long pond studio sessions (from the Disney+ special) [deluxe edition]",2020
"226","Taylor Swift",0.268,0.313,0.258,-11.532,0.0383,0.842,0.0948,179.947,"the lakes - bonus track","folklore: the long pond studio sessions (from the Disney+ special) [deluxe edition]",2020
"227","Taylor Swift",0.156,0.708,0.25,-10.731,0.0361,0.898,0.102,139.803,"the 1 - the long pond studio sessions","folklore: the long pond studio sessions (from the Disney+ special) [deluxe edition]",2020
"228","Taylor Swift",0.247,0.395,0.234,-9.704,0.0382,0.88,0.107,86.478,"cardigan - the long pond studio sessions","folklore: the long pond studio sessions (from the Disney+ special) [deluxe edition]",2020
"229","Taylor Swift",0.614,0.64,0.618,-11.715,0.0379,0.743,0.0574,147.948,"the last great american dynasty - the long pond studio sessions","folklore: the long pond studio sessions (from the Disney+ special) [deluxe edition]",2020
"230","Taylor Swift",0.108,0.359,0.305,-10.295,0.0306,0.848,0.111,151.956,"exile (feat. Bon Iver) - the long pond studio sessions","folklore: the long pond studio sessions (from the Disney+ special) [deluxe edition]",2020
"231","Taylor Swift",0.168,0.531,0.172,-12.34,0.0351,0.946,0.0615,129.007,"my tears ricochet - the long pond studio sessions","folklore: the long pond studio sessions (from the Disney+ special) [deluxe edition]",2020
"232","Taylor Swift",0.109,0.509,0.386,-8.434,0.0272,0.78,0.118,109.993,"mirrorball - the long pond studio sessions","folklore: the long pond studio sessions (from the Disney+ special) [deluxe edition]",2020
"233","Taylor Swift",0.363,0.694,0.449,-11.49,0.0301,0.914,0.1,94.963,"seven - the long pond studio sessions","folklore: the long pond studio sessions (from the Disney+ special) [deluxe edition]",2020
"234","Taylor Swift",0.545,0.554,0.663,-8.961,0.0324,0.5,0.791,89.977,"august - the long pond studio sessions","folklore: the long pond studio sessions (from the Disney+ special) [deluxe edition]",2020
"235","Taylor Swift",0.157,0.435,0.332,-11.611,0.031,0.928,0.0867,68.097,"this is me trying - the long pond studio sessions","folklore: the long pond studio sessions (from the Disney+ special) [deluxe edition]",2020
"236","Taylor Swift",0.435,0.489,0.235,-10.274,0.0356,0.883,0.113,117.699,"illicit affairs - the long pond studio sessions","folklore: the long pond studio sessions (from the Disney+ special) [deluxe edition]",2020
"237","Taylor Swift",0.351,0.59,0.282,-10.542,0.0281,0.942,0.11,83.438,"invisible string - the long pond studio sessions","folklore: the long pond studio sessions (from the Disney+ special) [deluxe edition]",2020
"238","Taylor Swift",0.346,0.663,0.465,-10.463,0.0408,0.887,0.109,141.834,"mad woman - the long pond studio sessions","folklore: the long pond studio sessions (from the Disney+ special) [deluxe edition]",2020
"239","Taylor Swift",0.113,0.524,0.2,-13.004,0.0274,0.916,0.068,93.87,"epiphany - the long pond studio sessions","folklore: the long pond studio sessions (from the Disney+ special) [deluxe edition]",2020
"240","Taylor Swift",0.518,0.538,0.316,-9.5,0.0299,0.841,0.119,95.68,"betty - the long pond studio sessions","folklore: the long pond studio sessions (from the Disney+ special) [deluxe edition]",2020
"241","Taylor Swift",0.513,0.619,0.344,-11.472,0.0647,0.93,0.0734,149.897,"peace - the long pond studio sessions","folklore: the long pond studio sessions (from the Disney+ special) [deluxe edition]",2020
"242","Taylor Swift",0.483,0.682,0.155,-13.083,0.0394,0.962,0.18,118.832,"hoax - the long pond studio sessions","folklore: the long pond studio sessions (from the Disney+ special) [deluxe edition]",2020
"243","Taylor Swift",0.112,0.606,0.221,-11.767,0.0468,0.794,0.0888,89.844,"the lakes - the long pond studio sessions","folklore: the long pond studio sessions (from the Disney+ special) [deluxe edition]",2020
"244","Taylor Swift",0.163,0.78,0.361,-6.942,0.048,0.75,0.108,139.902,"the 1","folklore (deluxe version)",2020
"245","Taylor Swift",0.534,0.612,0.58,-8.572,0.0419,0.525,0.26,130.045,"cardigan","folklore (deluxe version)",2020
"246","Taylor Swift",0.701,0.688,0.653,-8.558,0.0403,0.481,0.106,147.991,"the last great american dynasty","folklore (deluxe version)",2020
"247","Taylor Swift",0.16,0.31,0.374,-8.464,0.0275,0.761,0.11,75.938,"exile (feat. Bon Iver)","folklore (deluxe version)",2020
"248","Taylor Swift",0.112,0.456,0.265,-10.663,0.0328,0.814,0.0679,129.947,"my tears ricochet","folklore (deluxe version)",2020
"249","Taylor Swift",0.347,0.549,0.417,-10.064,0.035,0.686,0.0604,110.137,"mirrorball","folklore (deluxe version)",2020
"250","Taylor Swift",0.374,0.602,0.494,-10.813,0.0277,0.888,0.0902,94.955,"seven","folklore (deluxe version)",2020
"251","Taylor Swift",0.42,0.387,0.634,-9.222,0.0363,0.553,0.0931,89.567,"august","folklore (deluxe version)",2020
"252","Taylor Swift",0.408,0.511,0.478,-9.837,0.0322,0.312,0.147,135.882,"this is me trying","folklore (deluxe version)",2020
"253","Taylor Swift",0.44,0.529,0.304,-10.567,0.0356,0.862,0.108,119.58,"illicit affairs","folklore (deluxe version)",2020
"254","Taylor Swift",0.454,0.651,0.459,-11.128,0.0507,0.859,0.105,83.455,"invisible string","folklore (deluxe version)",2020
"255","Taylor Swift",0.451,0.593,0.7,-9.016,0.0492,0.67,0.116,141.898,"mad woman","folklore (deluxe version)",2020
"256","Taylor Swift",0.103,0.317,0.254,-13.679,0.0286,0.727,0.0867,93.933,"epiphany","folklore (deluxe version)",2020
"257","Taylor Swift",0.476,0.595,0.376,-8.767,0.0256,0.589,0.0989,95.946,"betty","folklore (deluxe version)",2020
"258","Taylor Swift",0.328,0.644,0.284,-12.879,0.0821,0.916,0.0909,150.072,"peace","folklore (deluxe version)",2020
"259","Taylor Swift",0.404,0.676,0.178,-15.01,0.0394,0.964,0.135,118.84,"hoax","folklore (deluxe version)",2020
"260","Taylor Swift",0.268,0.313,0.258,-11.532,0.0383,0.842,0.0948,179.947,"the lakes - bonus track","folklore (deluxe version)",2020
"261","Taylor Swift",0.172,0.777,0.357,-6.942,0.0522,0.757,0.108,139.883,"the 1","folklore",2020
"262","Taylor Swift",0.551,0.613,0.581,-8.588,0.0424,0.537,0.25,130.033,"cardigan","folklore",2020
"263","Taylor Swift",0.706,0.686,0.662,-8.505,0.0413,0.467,0.109,147.922,"the last great american dynasty","folklore",2020
"264","Taylor Swift",0.152,0.298,0.38,-8.426,0.0287,0.778,0.11,75.602,"exile (feat. Bon Iver)","folklore",2020
"265","Taylor Swift",0.111,0.456,0.263,-10.63,0.0332,0.806,0.0749,129.86,"my tears ricochet","folklore",2020
"266","Taylor Swift",0.379,0.553,0.413,-10.037,0.0334,0.687,0.0594,110.107,"mirrorball","folklore",2020
"267","Taylor Swift",0.415,0.596,0.488,-10.769,0.0274,0.9,0.091,94.926,"seven","folklore",2020
"268","Taylor Swift",0.403,0.532,0.623,-9.208,0.0331,0.538,0.0925,89.937,"august","folklore",2020
"269","Taylor Swift",0.412,0.515,0.476,-9.843,0.0328,0.314,0.171,135.886,"this is me trying","folklore",2020
"270","Taylor Swift",0.46,0.559,0.31,-10.445,0.0338,0.881,0.106,119.845,"illicit affairs","folklore",2020
"271","Taylor Swift",0.45,0.653,0.452,-11.143,0.055,0.838,0.108,83.433,"invisible string","folklore",2020
"272","Taylor Swift",0.506,0.592,0.699,-8.995,0.0471,0.655,0.114,141.916,"mad woman","folklore",2020
"273","Taylor Swift",0.113,0.354,0.267,-13.69,0.0281,0.731,0.0858,94.219,"epiphany","folklore",2020
"274","Taylor Swift",0.502,0.593,0.377,-8.761,0.0253,0.6,0.0976,95.939,"betty","folklore",2020
"275","Taylor Swift",0.339,0.647,0.272,-12.906,0.0916,0.918,0.0918,150.044,"peace","folklore",2020
"276","Taylor Swift",0.429,0.662,0.181,-15.065,0.0415,0.966,0.133,118.819,"hoax","folklore",2020
"277","Taylor Swift",0.541,0.664,0.316,-10.345,0.519,0.298,0.0812,92.875,"I Forgot That You Existed","Lover",2019
"278","Taylor Swift",0.564,0.552,0.702,-5.707,0.157,0.117,0.105,169.994,"Cruel Summer","Lover",2019
"279","Taylor Swift",0.453,0.359,0.543,-7.582,0.0919,0.492,0.118,68.534,"Lover","Lover",2019
"280","Taylor Swift",0.633,0.777,0.658,-5.191,0.054,0.0767,0.0901,110.048,"The Man","Lover",2019
"281","Taylor Swift",0.166,0.292,0.574,-9.375,0.0401,0.12,0.0663,124.344,"The Archer","Lover",2019
"282","Taylor Swift",0.416,0.897,0.366,-8.029,0.0569,0.00889,0.0715,100.003,"I Think He Knows","Lover",2019
"283","Taylor Swift",0.487,0.662,0.747,-6.926,0.0736,0.028,0.138,150.088,"Miss Americana & The Heartbreak Prince","Lover",2019
"284","Taylor Swift",0.865,0.811,0.719,-6.553,0.0497,0.0129,0.0742,103.979,"Paper Rings","Lover",2019
"285","Taylor Swift",0.248,0.824,0.624,-9.728,0.0827,0.781,0.1,102.012,"Cornelia Street","Lover",2019
"286","Taylor Swift",0.313,0.712,0.732,-6.754,0.0629,0.454,0.319,94.071,"Death By A Thousand Cuts","Lover",2019
"287","Taylor Swift",0.557,0.695,0.71,-6.639,0.05,0.0246,0.133,157.925,"London Boy","Lover",2019
"288","Taylor Swift",0.421,0.433,0.182,-12.566,0.0641,0.907,0.123,207.476,"Soon You’ll Get Better (feat. The Chicks)","Lover",2019
"289","Taylor Swift",0.351,0.739,0.32,-10.862,0.239,0.736,0.111,79.97,"False God","Lover",2019
"290","Taylor Swift",0.714,0.771,0.671,-5.617,0.0553,0.00929,0.0637,85.026,"You Need To Calm Down","Lover",2019
"291","Taylor Swift",0.399,0.756,0.449,-8.746,0.0344,0.13,0.114,111.011,"Afterglow","Lover",2019
"292","Taylor Swift",0.728,0.61,0.83,-4.105,0.0571,0.033,0.118,182.162,"ME! (feat. Brendon Urie of Panic! At The Disco)","Lover",2019
"293","Taylor Swift",0.545,0.737,0.175,-9.912,0.0401,0.971,0.171,70.008,"It’s Nice To Have A Friend","Lover",2019
"294","Taylor Swift",0.265,0.557,0.496,-9.602,0.0563,0.808,0.0772,149.983,"Daylight","Lover",2019
"295","Taylor Swift",0.417,0.613,0.764,-6.509,0.136,0.0527,0.197,160.015,"...Ready For It?","reputation",2017
"296","Taylor Swift",0.151,0.649,0.589,-6.237,0.0558,0.00845,0.108,159.073,"End Game","reputation",2017
"297","Taylor Swift",0.305,0.696,0.602,-6.156,0.159,0.0679,0.0696,82.989,"I Did Something Bad","reputation",2017
"298","Taylor Swift",0.193,0.615,0.534,-6.719,0.0386,0.106,0.0607,135.917,"Don’t Blame Me","reputation",2017
"299","Taylor Swift",0.0499,0.75,0.404,-10.178,0.0682,0.216,0.0911,95.045,"Delicate","reputation",2017
"300","Taylor Swift",0.506,0.766,0.709,-6.471,0.123,0.204,0.126,128.07,"Look What You Made Me Do","reputation",2017
"301","Taylor Swift",0.374,0.574,0.61,-7.283,0.0732,0.122,0.13,74.957,"So It Goes...","reputation",2017
"302","Taylor Swift",0.451,0.8,0.535,-6.684,0.135,0.0713,0.213,92.027,"Gorgeous","reputation",2017
"303","Taylor Swift",0.351,0.562,0.689,-6.745,0.127,0.00465,0.0888,172.054,"Getaway Car","reputation",2017
"304","Taylor Swift",0.314,0.675,0.703,-7.902,0.0382,0.00882,0.0391,110.01,"King Of My Heart","reputation",2017
"305","Taylor Swift",0.284,0.624,0.691,-6.686,0.196,0.0604,0.138,160.024,"Dancing With Our Hands Tied","reputation",2017
"306","Taylor Swift",0.0851,0.719,0.469,-8.792,0.0533,0.0329,0.169,120.085,"Dress","reputation",2017
"307","Taylor Swift",0.438,0.567,0.789,-5.986,0.115,0.0156,0.382,163.96,"This Is Why We Can't Have Nice Things","reputation",2017
"308","Taylor Swift",0.252,0.598,0.504,-9.874,0.0731,0.186,0.34,163.954,"Call It What You Want","reputation",2017
"309","Taylor Swift",0.23,0.661,0.151,-12.864,0.0354,0.921,0.13,94.922,"New Year’s Day","reputation",2017
"310","Taylor Swift",0.316,0.602,0.605,-7.803,0.0244,0.0448,0.128,93.061,"All Too Well","reputation Stadium Tour Surprise Song Playlist",2017
"311","Taylor Swift",0.465,0.55,0.688,-7.416,0.0897,0.0692,0.106,139.997,"Wildest Dreams","reputation Stadium Tour Surprise Song Playlist",2017
"312","Taylor Swift",0.383,0.669,0.448,-8.566,0.0285,0.639,0.158,126.068,"The Best Day","reputation Stadium Tour Surprise Song Playlist",2017
"313","Taylor Swift",0.647,0.605,0.899,-4.273,0.0423,0.0779,0.0911,124.985,"Red","reputation Stadium Tour Surprise Song Playlist",2017
"314","Taylor Swift",0.648,0.627,0.816,-6.698,0.0774,0.0162,0.0965,157.043,"Holy Ground","reputation Stadium Tour Surprise Song Playlist",2017
"315","Taylor Swift",0.263,0.626,0.427,-6.993,0.0234,0.313,0.138,99.959,"Teardrops On My Guitar - Radio Single Remix","reputation Stadium Tour Surprise Song Playlist",2017
"316","Taylor Swift",0.565,0.545,0.663,-5.05,0.0363,0.114,0.321,178.013,"Our Song","reputation Stadium Tour Surprise Song Playlist",2017
"317","Taylor Swift",0.68,0.66,0.733,-6.564,0.0379,0.00254,0.0473,104.009,"22","reputation Stadium Tour Surprise Song Playlist",2017
"318","Taylor Swift",0.665,0.536,0.464,-6.761,0.0412,0.00476,0.0357,77.318,"I Knew You Were Trouble.","reputation Stadium Tour Surprise Song Playlist",2017
"319","Taylor Swift",0.106,0.731,0.445,-8.418,0.0533,0.0586,0.14,117.97,"I Don’t Wanna Live Forever (Fifty Shades Darker)","reputation Stadium Tour Surprise Song Playlist",2017
"320","Taylor Swift",0.79,0.576,0.754,-3.982,0.0428,0.451,0.223,163.886,"Mean","reputation Stadium Tour Surprise Song Playlist",2017
"321","Taylor Swift",0.545,0.765,0.656,-6.112,0.0504,0.00364,0.0918,119.997,"How You Get The Girl","reputation Stadium Tour Surprise Song Playlist",2017
"322","Taylor Swift",0.374,0.574,0.61,-7.283,0.0732,0.122,0.13,74.957,"So It Goes...","reputation Stadium Tour Surprise Song Playlist",2017
"323","Taylor Swift",0.211,0.55,0.628,-4.437,0.0269,0.0717,0.138,95.122,"Fifteen","reputation Stadium Tour Surprise Song Playlist",2017
"324","Taylor Swift",0.67,0.621,0.779,-2.943,0.0301,0.00302,0.187,121.034,"Mine","reputation Stadium Tour Surprise Song Playlist",2017
"325","Taylor Swift",0.399,0.61,0.782,-2.98,0.0309,0.041,0.16,114.977,"Sparks Fly","reputation Stadium Tour Surprise Song Playlist",2017
"326","Taylor Swift",0.383,0.591,0.828,-5.895,0.0333,0.000184,0.0879,129.962,"State Of Grace","reputation Stadium Tour Surprise Song Playlist",2017
"327","Taylor Swift",0.37,0.431,0.949,-2.622,0.0605,0.0648,0.0612,162.012,"Haunted","reputation Stadium Tour Surprise Song Playlist",2017
"328","Taylor Swift",0.545,0.714,0.309,-8.828,0.0302,0.824,0.136,124.894,"Never Grow Up","reputation Stadium Tour Surprise Song Playlist",2017
"329","Taylor Swift",0.395,0.704,0.621,-8.086,0.0334,0.101,0.14,109.995,"Treacherous","reputation Stadium Tour Surprise Song Playlist",2017
"330","Taylor Swift",0.643,0.577,0.784,-3.266,0.101,0.0221,0.125,171.791,"Babe","reputation Stadium Tour Surprise Song Playlist",2017
"331","Taylor Swift",0.658,0.789,0.634,-4.762,0.0323,0.0348,0.302,116.992,"Welcome To New York","reputation Stadium Tour Surprise Song Playlist",2017
"332","Taylor Swift",0.429,0.603,0.718,-4.401,0.0272,0.0377,0.307,100.163,"Fearless","reputation Stadium Tour Surprise Song Playlist",2017
"333","Taylor Swift",0.218,0.535,0.626,-3.895,0.0274,0.0717,0.158,81.963,"Enchanted","reputation Stadium Tour Surprise Song Playlist",2017
"334","Taylor Swift",0.234,0.543,0.763,-4.206,0.0376,0.00418,0.111,96.006,"Change","reputation Stadium Tour Surprise Song Playlist",2017
"335","Taylor Swift",0.228,0.61,0.56,-7.392,0.0279,0.469,0.087,159.837,"Ours","reputation Stadium Tour Surprise Song Playlist",2017
"336","Taylor Swift",0.338,0.553,0.841,-6.937,0.0396,0.000743,0.341,92.008,"Out Of The Woods","reputation Stadium Tour Surprise Song Playlist",2017
"337","Taylor Swift",0.217,0.483,0.548,-6.291,0.0254,0.00471,0.0997,79.926,"Come Back...Be Here","reputation Stadium Tour Surprise Song Playlist",2017
"338","Taylor Swift",0.438,0.573,0.767,-2.929,0.0323,0.0577,0.327,114.984,"A Place in this World","reputation Stadium Tour Surprise Song Playlist",2017
"339","Taylor Swift",0.107,0.481,0.435,-8.795,0.0321,0.678,0.0928,143.95,"This Love","reputation Stadium Tour Surprise Song Playlist",2017
"340","Taylor Swift",0.561,0.706,0.505,-7.639,0.0358,0.0352,0.13,117.935,"The Lucky One","reputation Stadium Tour Surprise Song Playlist",2017
"341","Taylor Swift",0.224,0.609,0.383,-5.732,0.0243,0.56,0.165,96.005,"Invisible","reputation Stadium Tour Surprise Song Playlist",2017
"342","Taylor Swift",0.167,0.442,0.48,-7.405,0.0281,0.416,0.129,73.849,"Breathe","reputation Stadium Tour Surprise Song Playlist",2017
"343","Taylor Swift",0.507,0.502,0.843,-3.648,0.0378,0.123,0.0974,143.944,"Better Man","reputation Stadium Tour Surprise Song Playlist",2017
"344","Taylor Swift",0.818,0.617,0.699,-5.712,0.0274,0.113,0.074,80.007,"Jump Then Fall","reputation Stadium Tour Surprise Song Playlist",2017
"345","Taylor Swift",0.323,0.53,0.526,-8.349,0.0263,0.199,0.14,79.025,"Begin Again","reputation Stadium Tour Surprise Song Playlist",2017
"346","Taylor Swift",0.238,0.479,0.547,-4.948,0.0275,0.521,0.0728,146.147,"Tied Together with a Smile","reputation Stadium Tour Surprise Song Playlist",2017
"347","Taylor Swift",0.65,0.547,0.808,-3.63,0.0398,0.00556,0.0587,139.908,"The Story Of Us","reputation Stadium Tour Surprise Song Playlist",2017
"348","Taylor Swift",0.52,0.607,0.829,-5.02,0.0588,0.0806,0.207,128.057,"Forever & Always","reputation Stadium Tour Surprise Song Playlist",2017
"349","Taylor Swift",0.838,0.843,0.541,-7.361,0.0318,0.191,0.108,116.001,"Hey Stephen","reputation Stadium Tour Surprise Song Playlist",2017
"350","Taylor Swift",0.714,0.712,0.603,-3.753,0.0304,0.0991,0.102,118.986,"Speak Now","reputation Stadium Tour Surprise Song Playlist",2017
"351","Taylor Swift",0.197,0.422,0.692,-5.447,0.0549,0.0493,0.177,184.014,"Wonderland","reputation Stadium Tour Surprise Song Playlist",2017
"352","Taylor Swift",0.218,0.578,0.348,-8.066,0.0257,0.314,0.1,92.673,"White Horse","reputation Stadium Tour Surprise Song Playlist",2017
"353","Taylor Swift",0.521,0.556,0.933,-3.685,0.072,0.00454,0.101,143.936,"I'm Only Me When I'm With You","reputation Stadium Tour Surprise Song Playlist",2017
"354","Taylor Swift",0.616,0.649,0.777,-5.797,0.0391,0.0192,0.234,126.014,"Starlight","reputation Stadium Tour Surprise Song Playlist",2017
"355","Taylor Swift",0.495,0.602,0.755,-4.991,0.071,0.245,0.178,159.965,"I Know Places","reputation Stadium Tour Surprise Song Playlist",2017
"356","Taylor Swift",0.658,0.789,0.634,-4.762,0.0323,0.0348,0.302,116.992,"Welcome To New York","1989 (Deluxe Edition)",2014
"357","Taylor Swift",0.57,0.76,0.703,-5.412,0.054,0.103,0.0913,95.997,"Blank Space","1989 (Deluxe Edition)",2014
"358","Taylor Swift",0.487,0.588,0.791,-5.595,0.0402,0.00245,0.118,94.933,"Style","1989 (Deluxe Edition)",2014
"359","Taylor Swift",0.338,0.553,0.841,-6.937,0.0396,0.000743,0.341,92.008,"Out Of The Woods","1989 (Deluxe Edition)",2014
"360","Taylor Swift",0.539,0.605,0.725,-5.729,0.0323,0.00201,0.101,96.97,"All You Had To Do Was Stay","1989 (Deluxe Edition)",2014
"361","Taylor Swift",0.942,0.647,0.8,-5.384,0.165,0.0647,0.334,160.078,"Shake It Off","1989 (Deluxe Edition)",2014
"362","Taylor Swift",0.513,0.653,0.893,-5.966,0.0538,0.0158,0.102,118.035,"I Wish You Would","1989 (Deluxe Edition)",2014
"363","Taylor Swift",0.287,0.646,0.794,-6.104,0.19,0.0885,0.201,170.216,"Bad Blood","1989 (Deluxe Edition)",2014
"364","Taylor Swift",0.465,0.55,0.688,-7.416,0.0897,0.0692,0.106,139.997,"Wildest Dreams","1989 (Deluxe Edition)",2014
"365","Taylor Swift",0.545,0.765,0.656,-6.112,0.0504,0.00364,0.0918,119.997,"How You Get The Girl","1989 (Deluxe Edition)",2014
"366","Taylor Swift",0.107,0.481,0.435,-8.795,0.0321,0.678,0.0928,143.95,"This Love","1989 (Deluxe Edition)",2014
"367","Taylor Swift",0.495,0.602,0.755,-4.991,0.071,0.245,0.178,159.965,"I Know Places","1989 (Deluxe Edition)",2014
"368","Taylor Swift",0.211,0.815,0.377,-7.754,0.0346,0.232,0.1,103.97,"Clean","1989 (Deluxe Edition)",2014
"369","Taylor Swift",0.197,0.422,0.692,-5.447,0.0549,0.0493,0.177,184.014,"Wonderland","1989 (Deluxe Edition)",2014
"370","Taylor Swift",0.319,0.474,0.48,-8.894,0.0622,0.707,0.0903,170.109,"You Are In Love","1989 (Deluxe Edition)",2014
"371","Taylor Swift",0.584,0.633,0.889,-5.87,0.0715,0.00463,0.0658,121.956,"New Romantics","1989 (Deluxe Edition)",2014
"372","Taylor Swift",0.15,0.592,0.128,-17.932,0.589,0.829,0.527,78.828,"I Know Places - Voice Memo","1989 (Deluxe Edition)",2014
"373","Taylor Swift",0.645,0.781,0.357,-16.394,0.912,0.717,0.185,118.317,"I Wish You Would - Voice Memo","1989 (Deluxe Edition)",2014
"374","Taylor Swift",0.578,0.675,0.234,-15.064,0.721,0.801,0.657,127.296,"Blank Space - Voice Memo","1989 (Deluxe Edition)",2014
"375","Taylor Swift",0.615,0.793,0.634,-4.807,0.0324,0.038,0.304,117.024,"Welcome To New York","1989",2014
"376","Taylor Swift",0.583,0.753,0.678,-5.421,0.0644,0.085,0.13,96.006,"Blank Space","1989",2014
"377","Taylor Swift",0.456,0.598,0.786,-5.572,0.0383,0.00253,0.117,95.019,"Style","1989",2014
"378","Taylor Swift",0.343,0.552,0.842,-6.938,0.0373,0.00103,0.337,91.991,"Out Of The Woods","1989",2014
"379","Taylor Swift",0.471,0.602,0.736,-5.778,0.0338,0.00196,0.105,96.969,"All You Had To Do Was Stay","1989",2014
"380","Taylor Swift",0.943,0.647,0.785,-5.414,0.165,0.0561,0.148,160.015,"Shake It Off","1989",2014
"381","Taylor Swift",0.502,0.648,0.898,-5.963,0.0513,0.016,0.109,118.02,"I Wish You Would","1989",2014
"382","Taylor Swift",0.295,0.65,0.802,-6.114,0.181,0.0871,0.148,170.146,"Bad Blood","1989",2014
"383","Taylor Swift",0.472,0.554,0.666,-7.414,0.0747,0.0702,0.106,140.056,"Wildest Dreams","1989",2014
"384","Taylor Swift",0.524,0.764,0.66,-6.136,0.0494,0.00461,0.0915,119.988,"How You Get The Girl","1989",2014
"385","Taylor Swift",0.0828,0.475,0.459,-8.768,0.0333,0.635,0.101,143.988,"This Love","1989",2014
"386","Taylor Swift",0.507,0.596,0.763,-4.99,0.0661,0.231,0.2,159.958,"I Know Places","1989",2014
"387","Taylor Swift",0.22,0.81,0.379,-7.771,0.0349,0.241,0.113,103.981,"Clean","1989",2014
"388","Taylor Swift",0.397,0.588,0.825,-5.882,0.0328,0.000197,0.0885,129.968,"State Of Grace","Red (Deluxe Edition)",2012
"389","Taylor Swift",0.641,0.602,0.896,-4.267,0.0437,0.0773,0.091,124.978,"Red","Red (Deluxe Edition)",2012
"390","Taylor Swift",0.395,0.705,0.621,-8.086,0.0334,0.101,0.147,109.993,"Treacherous","Red (Deluxe Edition)",2012
"391","Taylor Swift",0.679,0.622,0.469,-6.798,0.0363,0.00454,0.0398,77.019,"I Knew You Were Trouble.","Red (Deluxe Edition)",2012
"392","Taylor Swift",0.337,0.602,0.609,-7.803,0.0243,0.0382,0.127,93.06,"All Too Well","Red (Deluxe Edition)",2012
"393","Taylor Swift",0.668,0.658,0.729,-6.561,0.0378,0.00215,0.0752,104.007,"22","Red (Deluxe Edition)",2012
"394","Taylor Swift",0.233,0.567,0.481,-7.357,0.027,0.0173,0.182,145.865,"I Almost Do","Red (Deluxe Edition)",2012
"395","Taylor Swift",0.75,0.628,0.676,-5.911,0.0916,0.00957,0.102,85.984,"We Are Never Ever Getting Back Together","Red (Deluxe Edition)",2012
"396","Taylor Swift",0.928,0.729,0.748,-6.67,0.0245,0.307,0.09,99.981,"Stay Stay Stay","Red (Deluxe Edition)",2012
"397","Taylor Swift",0.123,0.505,0.443,-7.039,0.0276,0.035,0.0921,94.069,"The Last Time","Red (Deluxe Edition)",2012
"398","Taylor Swift",0.648,0.627,0.816,-6.698,0.0774,0.0162,0.0966,157.043,"Holy Ground","Red (Deluxe Edition)",2012
"399","Taylor Swift",0.261,0.624,0.34,-12.411,0.029,0.632,0.121,129.987,"Sad Beautiful Tragic","Red (Deluxe Edition)",2012
"400","Taylor Swift",0.545,0.706,0.499,-7.675,0.0369,0.0371,0.132,117.937,"The Lucky One","Red (Deluxe Edition)",2012
"401","Taylor Swift",0.436,0.624,0.458,-6.755,0.0287,0.36,0.303,80.017,"Everything Has Changed","Red (Deluxe Edition)",2012
"402","Taylor Swift",0.587,0.649,0.777,-5.804,0.0406,0.0213,0.221,126.018,"Starlight","Red (Deluxe Edition)",2012
"403","Taylor Swift",0.323,0.53,0.526,-8.349,0.0263,0.199,0.232,79.025,"Begin Again","Red (Deluxe Edition)",2012
"404","Taylor Swift",0.275,0.62,0.506,-7.327,0.0312,0.187,0.102,126.015,"The Moment I Knew","Red (Deluxe Edition)",2012
"405","Taylor Swift",0.217,0.483,0.548,-6.291,0.0254,0.00471,0.0997,79.926,"Come Back...Be Here","Red (Deluxe Edition)",2012
"406","Taylor Swift",0.633,0.733,0.59,-5.86,0.0284,0.272,0.136,125.048,"Girl At Home","Red (Deluxe Edition)",2012
"407","Taylor Swift",0.519,0.828,0.64,-8.248,0.0355,0.175,0.0996,109.993,"Treacherous - Original Demo Recording","Red (Deluxe Edition)",2012
"408","Taylor Swift",0.637,0.678,0.902,-4.659,0.0358,0.113,0.0722,124.998,"Red - Original Demo Recording","Red (Deluxe Edition)",2012
"409","Taylor Swift",0.0682,0.626,0.118,-15.91,0.0305,0.664,0.127,105.597,"State Of Grace - Acoustic","Red (Deluxe Edition)",2012
"410","Taylor Swift",0.397,0.588,0.825,-5.882,0.0328,0.000197,0.0885,129.968,"State Of Grace","Red",2012
"411","Taylor Swift",0.641,0.602,0.896,-4.267,0.0437,0.0773,0.091,124.978,"Red","Red",2012
"412","Taylor Swift",0.395,0.705,0.621,-8.086,0.0334,0.101,0.147,109.993,"Treacherous","Red",2012
"413","Taylor Swift",0.679,0.622,0.469,-6.798,0.0363,0.00454,0.0398,77.019,"I Knew You Were Trouble.","Red",2012
"414","Taylor Swift",0.337,0.602,0.609,-7.803,0.0243,0.0382,0.127,93.06,"All Too Well","Red",2012
"415","Taylor Swift",0.668,0.658,0.729,-6.561,0.0378,0.00215,0.0752,104.007,"22","Red",2012
"416","Taylor Swift",0.233,0.567,0.481,-7.357,0.027,0.0173,0.182,145.865,"I Almost Do","Red",2012
"417","Taylor Swift",0.75,0.628,0.676,-5.911,0.0916,0.00957,0.102,85.984,"We Are Never Ever Getting Back Together","Red",2012
"418","Taylor Swift",0.928,0.729,0.748,-6.67,0.0245,0.307,0.09,99.981,"Stay Stay Stay","Red",2012
"419","Taylor Swift",0.123,0.505,0.443,-7.039,0.0276,0.035,0.0921,94.069,"The Last Time","Red",2012
"420","Taylor Swift",0.648,0.627,0.816,-6.698,0.0774,0.0162,0.0966,157.043,"Holy Ground","Red",2012
"421","Taylor Swift",0.261,0.624,0.34,-12.411,0.029,0.632,0.121,129.987,"Sad Beautiful Tragic","Red",2012
"422","Taylor Swift",0.545,0.706,0.499,-7.675,0.0369,0.0371,0.132,117.937,"The Lucky One","Red",2012
"423","Taylor Swift",0.436,0.624,0.458,-6.755,0.0287,0.36,0.303,80.017,"Everything Has Changed","Red",2012
"424","Taylor Swift",0.587,0.649,0.777,-5.804,0.0406,0.0213,0.221,126.018,"Starlight","Red",2012
"425","Taylor Swift",0.323,0.53,0.526,-8.349,0.0263,0.199,0.232,79.025,"Begin Again","Red",2012
"426","Taylor Swift",0.298,0.455,0.783,-5.184,0.0393,0.00917,0.918,114.981,"Sparks Fly - Live/2011","Speak Now World Tour Live",2010
"427","Taylor Swift",0.442,0.496,0.852,-4.775,0.0373,0.00233,0.554,120.969,"Mine - Live/2011","Speak Now World Tour Live",2010
"428","Taylor Swift",0.472,0.419,0.908,-5.156,0.0651,0.00048,0.815,139.813,"The Story Of Us - Live","Speak Now World Tour Live",2010
"429","Taylor Swift",0.432,0.429,0.915,-4.373,0.069,0.154,0.693,163.752,"Mean - Live/2011","Speak Now World Tour Live",2010
"430","Taylor Swift",0.267,0.421,0.355,-10.21,0.0298,0.715,0.867,77.769,"Ours - Live/2011","Speak Now World Tour Live",2010
"431","Taylor Swift",0.171,0.374,0.516,-8.745,0.0294,0.155,0.795,142.057,"Back To December/Apologize/You're Not Sorry - Live/2011/Medley","Speak Now World Tour Live",2010
"432","Taylor Swift",0.386,0.445,0.887,-5.629,0.0768,0.00306,0.931,145.954,"Better Than Revenge - Live/2011","Speak Now World Tour Live",2010
"433","Taylor Swift",0.373,0.615,0.694,-5.251,0.0318,0.0636,0.83,118.876,"Speak Now - Live/2011","Speak Now World Tour Live",2010
"434","Taylor Swift",0.188,0.427,0.395,-12.551,0.0291,0.205,0.701,79.517,"Last Kiss - Live/2011","Speak Now World Tour Live",2010
"435","Taylor Swift",0.27,0.374,0.504,-8.407,0.0392,0.806,0.76,109.025,"Drops Of Jupiter - Live/2011","Speak Now World Tour Live",2010
"436","Taylor Swift",0.363,0.327,0.488,-9.287,0.0322,0.713,0.837,104.46,"Bette Davis Eyes - Live/2011","Speak Now World Tour Live",2010
"437","Taylor Swift",0.249,0.536,0.512,-6.794,0.0341,0.794,0.497,97.397,"I Want You Back - Live/2011","Speak Now World Tour Live",2010
"438","Taylor Swift",0.138,0.521,0.386,-8.784,0.0301,0.0157,0.884,119.518,"Dear John - Live/2011","Speak Now World Tour Live",2010
"439","Taylor Swift",0.214,0.34,0.663,-5.597,0.0331,0.0747,0.563,163.678,"Enchanted - Live/2011","Speak Now World Tour Live",2010
"440","Taylor Swift",0.177,0.338,0.818,-7.495,0.0496,0.0245,0.889,162.157,"Haunted - Live/2011","Speak Now World Tour Live",2010
"441","Taylor Swift",0.204,0.544,0.728,-5.838,0.0282,0.0053,0.865,101.939,"Long Live - Live/2011","Speak Now World Tour Live",2010
"442","Taylor Swift",0.658,0.624,0.757,-2.94,0.0296,0.00265,0.189,121.07,"Mine","Speak Now (Deluxe Edition)",2010
"443","Taylor Swift",0.374,0.605,0.787,-3.002,0.0308,0.0396,0.163,114.987,"Sparks Fly","Speak Now (Deluxe Edition)",2010
"444","Taylor Swift",0.286,0.529,0.67,-4.663,0.0303,0.117,0.334,141.893,"Back To December","Speak Now (Deluxe Edition)",2010
"445","Taylor Swift",0.735,0.709,0.599,-3.734,0.0304,0.095,0.0973,118.975,"Speak Now","Speak Now (Deluxe Edition)",2010
"446","Taylor Swift",0.102,0.589,0.47,-5.32,0.028,0.166,0.112,119.386,"Dear John","Speak Now (Deluxe Edition)",2010
"447","Taylor Swift",0.789,0.568,0.761,-3.987,0.0459,0.452,0.217,163.974,"Mean","Speak Now (Deluxe Edition)",2010
"448","Taylor Swift",0.683,0.543,0.818,-3.611,0.0398,0.00478,0.0357,139.898,"The Story Of Us","Speak Now (Deluxe Edition)",2010
"449","Taylor Swift",0.554,0.714,0.305,-8.837,0.0305,0.819,0.174,124.91,"Never Grow Up","Speak Now (Deluxe Edition)",2010
"450","Taylor Swift",0.208,0.455,0.623,-3.878,0.0288,0.0739,0.146,163.893,"Enchanted","Speak Now (Deluxe Edition)",2010
"451","Taylor Swift",0.635,0.516,0.917,-3.186,0.0827,0.0139,0.36,145.821,"Better Than Revenge","Speak Now (Deluxe Edition)",2010
"452","Taylor Swift",0.17,0.552,0.608,-5.29,0.0259,0.186,0.125,134.05,"Innocent","Speak Now (Deluxe Edition)",2010
"453","Taylor Swift",0.352,0.436,0.95,-2.627,0.057,0.0826,0.149,162.088,"Haunted","Speak Now (Deluxe Edition)",2010
"454","Taylor Swift",0.196,0.371,0.341,-9.475,0.0319,0.57,0.101,89.038,"Last Kiss","Speak Now (Deluxe Edition)",2010
"455","Taylor Swift",0.142,0.418,0.68,-4.3,0.0347,0.036,0.114,204.12,"Long Live","Speak Now (Deluxe Edition)",2010
"456","Taylor Swift",0.238,0.608,0.569,-7.227,0.0284,0.537,0.097,159.845,"Ours","Speak Now (Deluxe Edition)",2010
"457","Taylor Swift",0.289,0.511,0.719,-3.457,0.0265,0.166,0.34,147.852,"If This Was A Movie","Speak Now (Deluxe Edition)",2010
"458","Taylor Swift",0.559,0.582,0.765,-3.648,0.0324,0.0268,0.103,131.982,"Superman","Speak Now (Deluxe Edition)",2010
"459","Taylor Swift",0.377,0.541,0.453,-6.459,0.0266,0.748,0.2,141.757,"Back To December - Acoustic","Speak Now (Deluxe Edition)",2010
"460","Taylor Swift",0.313,0.563,0.443,-5.078,0.0247,0.842,0.293,80.962,"Haunted - Acoustic Version","Speak Now (Deluxe Edition)",2010
"461","Taylor Swift",0.679,0.695,0.723,-3.806,0.0285,0.00727,0.1,121.011,"Mine - POP Mix","Speak Now (Deluxe Edition)",2010
"462","Taylor Swift",0.658,0.624,0.757,-2.94,0.0296,0.00265,0.189,121.07,"Mine","Speak Now",2010
"463","Taylor Swift",0.374,0.605,0.787,-3.002,0.0308,0.0396,0.163,114.987,"Sparks Fly","Speak Now",2010
"464","Taylor Swift",0.286,0.529,0.67,-4.663,0.0303,0.117,0.334,141.893,"Back To December","Speak Now",2010
"465","Taylor Swift",0.735,0.709,0.599,-3.734,0.0304,0.095,0.0973,118.975,"Speak Now","Speak Now",2010
"466","Taylor Swift",0.102,0.589,0.47,-5.32,0.028,0.166,0.112,119.386,"Dear John","Speak Now",2010
"467","Taylor Swift",0.789,0.568,0.761,-3.987,0.0459,0.452,0.217,163.974,"Mean","Speak Now",2010
"468","Taylor Swift",0.683,0.543,0.818,-3.611,0.0398,0.00478,0.0357,139.898,"The Story Of Us","Speak Now",2010
"469","Taylor Swift",0.554,0.714,0.305,-8.837,0.0305,0.819,0.174,124.91,"Never Grow Up","Speak Now",2010
"470","Taylor Swift",0.208,0.455,0.623,-3.878,0.0288,0.0739,0.146,163.893,"Enchanted","Speak Now",2010
"471","Taylor Swift",0.635,0.516,0.917,-3.186,0.0827,0.0139,0.36,145.821,"Better Than Revenge","Speak Now",2010
"472","Taylor Swift",0.17,0.552,0.608,-5.29,0.0259,0.186,0.125,134.05,"Innocent","Speak Now",2010
"473","Taylor Swift",0.352,0.436,0.95,-2.627,0.057,0.0826,0.149,162.088,"Haunted","Speak Now",2010
"474","Taylor Swift",0.196,0.371,0.341,-9.475,0.0319,0.57,0.101,89.038,"Last Kiss","Speak Now",2010
"475","Taylor Swift",0.142,0.418,0.68,-4.3,0.0346,0.036,0.108,204.125,"Long Live","Speak Now",2010
"476","Taylor Swift",0.82,0.618,0.687,-5.737,0.0271,0.111,0.0693,79.991,"Jump Then Fall","Fearless Platinum Edition",2008
"477","Taylor Swift",0.288,0.419,0.454,-6.809,0.0335,0.0583,0.0974,200.017,"Untouchable","Fearless Platinum Edition",2008
"478","Taylor Swift",0.294,0.592,0.16,-10.785,0.0347,0.852,0.116,118.929,"Forever & Always - Piano Version","Fearless Platinum Edition",2008
"479","Taylor Swift",0.224,0.527,0.475,-6.205,0.0258,0.0868,0.248,143.962,"Come In With The Rain","Fearless Platinum Edition",2008
"480","Taylor Swift",0.228,0.61,0.531,-6.123,0.0239,0.367,0.351,85.979,"SuperStar","Fearless Platinum Edition",2008
"481","Taylor Swift",0.469,0.476,0.816,-4.279,0.0347,0.169,0.238,163.847,"The Other Side Of The Door","Fearless Platinum Edition",2008
"482","Taylor Swift",0.467,0.598,0.714,-4.397,0.0273,0.0364,0.31,99.979,"Fearless","Fearless Platinum Edition",2008
"483","Taylor Swift",0.214,0.559,0.636,-4.4,0.0263,0.0728,0.144,95.485,"Fifteen","Fearless Platinum Edition",2008
"484","Taylor Swift",0.307,0.618,0.736,-3.937,0.0308,0.157,0.073,118.982,"Love Story","Fearless Platinum Edition",2008
"485","Taylor Swift",0.825,0.843,0.553,-7.348,0.0317,0.168,0.107,115.997,"Hey Stephen","Fearless Platinum Edition",2008
"486","Taylor Swift",0.195,0.585,0.346,-8.014,0.0256,0.302,0.102,92.564,"White Horse","Fearless Platinum Edition",2008
"487","Taylor Swift",0.445,0.687,0.771,-4.424,0.0384,0.164,0.112,129.964,"You Belong With Me","Fearless Platinum Edition",2008
"488","Taylor Swift",0.17,0.498,0.486,-7.384,0.0273,0.373,0.113,147.952,"Breathe","Fearless Platinum Edition",2008
"489","Taylor Swift",0.513,0.601,0.852,-3.096,0.0386,0.0606,0.37,100.015,"Tell Me Why","Fearless Platinum Edition",2008
"490","Taylor Swift",0.281,0.459,0.459,-4.126,0.0275,0.13,0.113,134.018,"You're Not Sorry","Fearless Platinum Edition",2008
"491","Taylor Swift",0.379,0.436,0.712,-3.689,0.0329,0.0322,0.111,160.886,"The Way I Loved You","Fearless Platinum Edition",2008
"492","Taylor Swift",0.514,0.605,0.829,-4.993,0.0549,0.0907,0.106,128.012,"Forever & Always","Fearless Platinum Edition",2008
"493","Taylor Swift",0.364,0.664,0.447,-8.535,0.0292,0.611,0.139,126.079,"The Best Day","Fearless Platinum Edition",2008
"494","Taylor Swift",0.224,0.548,0.756,-4.175,0.036,0.00471,0.117,96.038,"Change","Fearless Platinum Edition",2008
"495","Taylor Swift",0.476,0.594,0.712,-4.418,0.0273,0.04,0.309,99.972,"Fearless","Fearless",2008
"496","Taylor Swift",0.203,0.556,0.651,-4.396,0.0266,0.067,0.145,95.485,"Fifteen","Fearless",2008
"497","Taylor Swift",0.296,0.618,0.741,-3.95,0.031,0.17,0.0822,118.984,"Love Story","Fearless",2008
"498","Taylor Swift",0.831,0.841,0.544,-7.347,0.0309,0.194,0.108,115.994,"Hey Stephen","Fearless",2008
"499","Taylor Swift",0.223,0.578,0.34,-8.027,0.0264,0.305,0.104,92.702,"White Horse","Fearless",2008
"500","Taylor Swift",0.443,0.687,0.783,-4.44,0.0386,0.162,0.114,129.964,"You Belong With Me","Fearless",2008
"501","Taylor Swift",0.184,0.505,0.482,-7.372,0.0276,0.379,0.113,73.975,"Breathe","Fearless",2008
"502","Taylor Swift",0.51,0.604,0.855,-3.097,0.038,0.0571,0.343,99.96,"Tell Me Why","Fearless",2008
"503","Taylor Swift",0.276,0.475,0.452,-4.134,0.027,0.146,0.108,133.959,"You're Not Sorry","Fearless",2008
"504","Taylor Swift",0.398,0.433,0.7,-3.709,0.0336,0.0408,0.115,160.927,"The Way I Loved You","Fearless",2008
"505","Taylor Swift",0.544,0.608,0.821,-4.985,0.0576,0.0752,0.11,128.042,"Forever & Always","Fearless",2008
"506","Taylor Swift",0.396,0.666,0.434,-8.543,0.0289,0.647,0.124,126.084,"The Best Day","Fearless",2008
"507","Taylor Swift",0.215,0.541,0.77,-4.17,0.0354,0.00408,0.117,96.013,"Change","Fearless",2008
"508","Taylor Swift",0.512,0.741,0.444,-7.031,0.0311,0.659,0.131,119.006,"Love Story - Live From Clear Channel Stripped 2008","Live From Clear Channel Stripped 2008",2008
"509","Taylor Swift",0.467,0.623,0.266,-5.894,0.026,0.814,0.145,96.601,"Fearless - Live From Clear Channel Stripped 2008","Live From Clear Channel Stripped 2008",2008
"510","Taylor Swift",0.457,0.627,0.704,-3.739,0.0269,0.596,0.0598,98.958,"Beautiful Eyes - Live From Clear Channel Stripped 2008","Live From Clear Channel Stripped 2008",2008
"511","Taylor Swift",0.331,0.731,0.184,-9.235,0.0418,0.856,0.0927,102.404,"Untouchable - Live From Clear Channel Stripped 2008","Live From Clear Channel Stripped 2008",2008
"512","Taylor Swift",0.615,0.344,0.801,-5.373,0.0574,0.664,0.106,204.489,"Teardrops On My Guitar - Live From Clear Channel Stripped 2008","Live From Clear Channel Stripped 2008",2008
"513","Taylor Swift",0.684,0.647,0.872,-1.953,0.0524,0.266,0.419,105.798,"Picture To Burn - Live From Clear Channel Stripped 2008","Live From Clear Channel Stripped 2008",2008
"514","Taylor Swift",0.438,0.429,0.808,-3.004,0.0677,0.399,0.0884,171.537,"Should've Said No - Live From Clear Channel Stripped 2008","Live From Clear Channel Stripped 2008",2008
"515","Taylor Swift",0.273,0.243,0.712,-4.307,0.0577,0.156,0.111,202.319,"Change - Live From Clear Channel Stripped 2008","Live From Clear Channel Stripped 2008",2008
"516","Taylor Swift",0.425,0.58,0.491,-6.462,0.0251,0.575,0.121,76.009,"Tim McGraw","Taylor Swift",2006
"517","Taylor Swift",0.821,0.658,0.877,-2.098,0.0323,0.173,0.0962,105.586,"Picture To Burn","Taylor Swift",2006
"518","Taylor Swift",0.289,0.621,0.417,-6.941,0.0231,0.288,0.119,99.953,"Teardrops On My Guitar - Radio Single Remix","Taylor Swift",2006
"519","Taylor Swift",0.428,0.576,0.777,-2.881,0.0324,0.051,0.32,115.028,"A Place in this World","Taylor Swift",2006
"520","Taylor Swift",0.261,0.418,0.482,-5.769,0.0266,0.217,0.123,175.558,"Cold As You","Taylor Swift",2006
"521","Taylor Swift",0.591,0.589,0.805,-4.055,0.0293,0.00491,0.24,112.982,"The Outside","Taylor Swift",2006
"522","Taylor Swift",0.192,0.479,0.578,-4.963,0.0294,0.525,0.0841,146.165,"Tied Together with a Smile","Taylor Swift",2006
"523","Taylor Swift",0.504,0.594,0.629,-4.919,0.0246,0.0868,0.137,131.597,"Stay Beautiful","Taylor Swift",2006
"524","Taylor Swift",0.472,0.476,0.777,-3.771,0.0289,0.0103,0.196,167.964,"Should've Said No","Taylor Swift",2006
"525","Taylor Swift",0.374,0.403,0.627,-5.28,0.0292,0.0177,0.182,74.9,"Mary's Song (Oh My My My)","Taylor Swift",2006
"526","Taylor Swift",0.539,0.668,0.672,-4.931,0.0303,0.111,0.329,89.011,"Our Song","Taylor Swift",2006
"527","Taylor Swift",0.518,0.563,0.934,-3.629,0.0646,0.00452,0.103,143.964,"I'm Only Me When I'm With You","Taylor Swift",2006
"528","Taylor Swift",0.233,0.612,0.394,-5.723,0.0243,0.637,0.147,96.001,"Invisible","Taylor Swift",2006
"529","Taylor Swift",0.268,0.483,0.751,-5.726,0.0365,0.00349,0.128,156.092,"A Perfectly Good Heart","Taylor Swift",2006
"530","Taylor Swift",0.483,0.459,0.753,-3.827,0.0537,0.0402,0.0863,199.997,"Teardrops on My Guitar - Pop Version","Taylor Swift",2006
"531","Beyoncé",0.136,0.554,0.535,-8.959,0.186,0.0616,0.124,105.865,"I'M THAT GIRL","RENAISSANCE",2022
"532","Beyoncé",0.367,0.556,0.63,-8.15,0.102,0.000828,0.155,149.147,"COZY","RENAISSANCE",2022
"533","Beyoncé",0.464,0.545,0.641,-6.398,0.0998,0.00453,0.171,121.892,"ALIEN SUPERSTAR","RENAISSANCE",2022
"534","Beyoncé",0.642,0.78,0.689,-5.668,0.141,0.0368,0.0698,115.042,"CUFF IT","RENAISSANCE",2022
"535","Beyoncé",0.587,0.903,0.519,-9.151,0.26,0.281,0.155,114.991,"ENERGY (feat. Beam)","RENAISSANCE",2022
"536","Beyoncé",0.864,0.693,0.887,-5.039,0.0795,0.0581,0.27,114.942,"BREAK MY SOUL","RENAISSANCE",2022
"537","Beyoncé",0.22,0.792,0.919,-5.688,0.276,0.0381,0.368,92.028,"CHURCH GIRL","RENAISSANCE",2022
"538","Beyoncé",0.305,0.618,0.712,-8.246,0.114,0.14,0.575,97.057,"PLASTIC OFF THE SOFA","RENAISSANCE",2022
"539","Beyoncé",0.598,0.683,0.85,-5.042,0.0699,0.0781,0.741,107.988,"VIRGO'S GROOVE","RENAISSANCE",2022
"540","Beyoncé",0.809,0.876,0.628,-6.595,0.0935,0.0165,0.0938,118.028,"MOVE (feat. Grace Jones & Tems)","RENAISSANCE",2022
"541","Beyoncé",0.496,0.785,0.732,-5.724,0.164,0.0636,0.265,110.952,"HEATED","RENAISSANCE",2022
"542","Beyoncé",0.537,0.823,0.536,-10.123,0.319,0.0616,0.326,128.955,"THIQUE","RENAISSANCE",2022
"543","Beyoncé",0.0805,0.744,0.577,-7.228,0.0631,0.0672,0.178,135.869,"ALL UP IN YOUR MIND","RENAISSANCE",2022
"544","Beyoncé",0.108,0.789,0.614,-6.491,0.0579,0.00348,0.283,126.035,"AMERICA HAS A PROBLEM","RENAISSANCE",2022
"545","Beyoncé",0.453,0.857,0.558,-7.888,0.134,0.0122,0.288,123.973,"PURE/HONEY","RENAISSANCE",2022
"546","Beyoncé",0.208,0.674,0.625,-9.593,0.0514,0.0843,0.11,120.004,"SUMMER RENAISSANCE","RENAISSANCE",2022
"547","Beyoncé",0.181,0.509,0.36,-8.2,0.0361,0.633,0.13,129.624,"BIGGER","The Lion King: The Gift [Deluxe Edition]",2020
"548","Beyoncé",0.623,0.783,0.693,-6.747,0.174,0.197,0.0768,119.063,"FIND YOUR WAY BACK","The Lion King: The Gift [Deluxe Edition]",2020
"549","Beyoncé",0.563,0.926,0.782,-5.3,0.101,0.0194,0.355,120.005,"DON'T JEALOUS ME","The Lion King: The Gift [Deluxe Edition]",2020
"550","Beyoncé",0.867,0.795,0.671,-5.792,0.0601,0.0488,0.0752,92.001,"JA ARA E","The Lion King: The Gift [Deluxe Edition]",2020
"551","Beyoncé",0.348,0.554,0.45,-9.454,0.182,0.731,0.339,87.047,"NILE","The Lion King: The Gift [Deluxe Edition]",2020
"552","Beyoncé",0.718,0.611,0.723,-6.199,0.369,0.12,0.322,105.758,"MOOD 4 EVA (feat. Oumou Sangaré)","The Lion King: The Gift [Deluxe Edition]",2020
"553","Beyoncé",0.462,0.807,0.809,-3.713,0.0709,0.105,0.186,124.052,"WATER","The Lion King: The Gift [Deluxe Edition]",2020
"554","Beyoncé",0.605,0.526,0.609,-7.072,0.212,0.0554,0.291,88.83,"BROWN SKIN GIRL","The Lion King: The Gift [Deluxe Edition]",2020
"555","Beyoncé",0.686,0.735,0.678,-6.655,0.0896,0.00642,0.114,90.028,"KEYS TO THE KINGDOM","The Lion King: The Gift [Deluxe Edition]",2020
"556","Beyoncé",0.543,0.671,0.755,-5.831,0.0683,0.0876,0.429,67.332,"ALREADY","The Lion King: The Gift [Deluxe Edition]",2020
"557","Beyoncé",0.4,0.33,0.244,-9.508,0.0339,0.94,0.0969,136.344,"OTHERSIDE","The Lion King: The Gift [Deluxe Edition]",2020
"558","Beyoncé",0.755,0.769,0.856,-4.923,0.127,0.0162,0.125,126.95,"MY POWER","The Lion King: The Gift [Deluxe Edition]",2020
"559","Beyoncé",0.0588,0.576,0.434,-7.769,0.0491,0.284,0.118,118.259,"SCAR","The Lion King: The Gift [Deluxe Edition]",2020
"560","Beyoncé",0.0497,0.447,0.436,-8.119,0.0389,0.00971,0.0986,80.856,"SPIRIT - From Disney's ""The Lion King""","The Lion King: The Gift [Deluxe Edition]",2020
"561","Beyoncé",0.0541,0.807,0.544,-5.875,0.0409,0.00333,0.146,120.006,"BLACK PARADE - Extended Version","The Lion King: The Gift [Deluxe Edition]",2020
"562","Beyoncé",0.195,0.777,0.588,-9.759,0.0756,0.0227,0.267,119.109,"FIND YOUR WAY BACK - MELO-X Remix","The Lion King: The Gift [Deluxe Edition]",2020
"563","Beyoncé",0.0611,0.824,0.555,-5.817,0.05,0.00337,0.217,120.002,"BLACK PARADE","The Lion King: The Gift [Deluxe Edition]",2020
"564","Beyoncé",0.399,0.386,0.288,-18.513,0.0602,0.533,0.141,76.796,"balance (mufasa interlude)","The Lion King: The Gift",2019
"565","Beyoncé",0.201,0.484,0.363,-8.094,0.0368,0.645,0.125,127.822,"BIGGER","The Lion King: The Gift",2019
"566","Beyoncé",0.17,0.537,0.247,-17.75,0.0793,0.199,0.423,109.981,"the stars (mufasa interlude)","The Lion King: The Gift",2019
"567","Beyoncé",0.642,0.672,0.696,-6.693,0.177,0.2,0.0736,118.742,"FIND YOUR WAY BACK","The Lion King: The Gift",2019
"568","Beyoncé",0,0,0.00515,-22.612,0,0.524,0.114,0,"uncle scar (scar interlude)","The Lion King: The Gift",2019
"569","Beyoncé",0.584,0.932,0.775,-5.345,0.115,0.0184,0.318,119.976,"DON'T JEALOUS ME","The Lion King: The Gift",2019
"570","Beyoncé",0.186,0.563,0.47,-13.47,0.147,0.0306,0.283,95.011,"danger (young simba & young nala interlude)","The Lion King: The Gift",2019
"571","Beyoncé",0.855,0.79,0.693,-5.767,0.0605,0.042,0.079,91.991,"JA ARA E","The Lion King: The Gift",2019
"572","Beyoncé",0.175,0.489,0.353,-17.619,0.664,0.491,0.229,127.814,"run away (scar & young simba interlude)","The Lion King: The Gift",2019
"573","Beyoncé",0.342,0.484,0.457,-9.458,0.204,0.738,0.536,83.493,"NILE","The Lion King: The Gift",2019
"574","Beyoncé",0.403,0.494,0.411,-15.021,0.771,0.703,0.156,77.539,"new lesson (timon, pumbaa & young simba interlude)","The Lion King: The Gift",2019
"575","Beyoncé",0.709,0.608,0.709,-6.175,0.374,0.119,0.337,105.742,"MOOD 4 EVA (feat. Oumou Sangaré)","The Lion King: The Gift",2019
"576","Beyoncé",0,0,0.558,-17.238,0,0.756,0.533,0,"reunited (nala & simba interlude)","The Lion King: The Gift",2019
"577","Beyoncé",0.489,0.804,0.823,-3.667,0.0745,0.0984,0.246,124.062,"WATER","The Lion King: The Gift",2019
"578","Beyoncé",0.595,0.603,0.602,-7.083,0.23,0.049,0.279,119.703,"BROWN SKIN GIRL","The Lion King: The Gift",2019
"579","Beyoncé",0,0,0.186,-17.37,0,0.783,0.333,0,"come home (nala interlude)","The Lion King: The Gift",2019
"580","Beyoncé",0.73,0.731,0.674,-6.704,0.0801,0.0057,0.109,90.022,"KEYS TO THE KINGDOM","The Lion King: The Gift",2019
"581","Beyoncé",0.535,0.628,0.287,-16.666,0.66,0.675,0.426,83.69,"follow me (simba & rafiki interlude)","The Lion King: The Gift",2019
"582","Beyoncé",0.548,0.647,0.732,-5.846,0.0891,0.0846,0.597,67.295,"ALREADY","The Lion King: The Gift",2019
"583","Beyoncé",0.302,0.255,0.32,-19.821,0.0533,0.826,0.261,87.301,"remember (mufasa interlude)","The Lion King: The Gift",2019
"584","Beyoncé",0.369,0.258,0.248,-9.507,0.0343,0.944,0.0967,80.187,"OTHERSIDE","The Lion King: The Gift",2019
"585","Beyoncé",0.123,0.399,0.38,-10.247,0.355,0.432,0.536,80.096,"war (nala interlude)","The Lion King: The Gift",2019
"586","Beyoncé",0.715,0.773,0.86,-4.966,0.13,0.0159,0.236,126.967,"MY POWER","The Lion King: The Gift",2019
"587","Beyoncé",0,0,0.155,-16.549,0,0.406,0.0973,0,"surrender (simba & scar interlude)","The Lion King: The Gift",2019
"588","Beyoncé",0.0532,0.45,0.453,-7.82,0.06,0.24,0.12,117.956,"SCAR","The Lion King: The Gift",2019
"589","Beyoncé",0.595,0.536,0.115,-20.651,0.0353,0.699,0.115,32.918,"i'm home (mufasa, sarabi & simba interlude)","The Lion King: The Gift",2019
"590","Beyoncé",0.0447,0.238,0.435,-8.096,0.0497,0.00956,0.0981,78.797,"SPIRIT - From Disney's ""The Lion King""","The Lion King: The Gift",2019
"591","Beyoncé",0.123,0.6,0.831,-12.294,0.378,0.143,0.7,170.133,"Welcome - Homecoming Live","HOMECOMING: THE LIVE ALBUM",2019
"592","Beyoncé",0.402,0.401,0.769,-8.316,0.158,0.000263,0.327,99.252,"Crazy In Love - Homecoming Live","HOMECOMING: THE LIVE ALBUM",2019
"593","Beyoncé",0.403,0.486,0.813,-7.528,0.114,0.00174,0.406,85.161,"Freedom - Homecoming Live","HOMECOMING: THE LIVE ALBUM",2019
"594","Beyoncé",0.0795,0.201,0.409,-13.089,0.0393,0.124,0.683,85.35,"Lift Ev'ry Voice and Sing - Homecoming Live","HOMECOMING: THE LIVE ALBUM",2019
"595","Beyoncé",0.419,0.676,0.871,-9.134,0.433,0.0237,0.956,121.963,"Formation - Homecoming Live","HOMECOMING: THE LIVE ALBUM",2019
"596","Beyoncé",0.547,0.535,0.338,-27.432,0.883,0.994,0.891,67.709,"So Much Damn Swag - Interlude - Homecoming Live","HOMECOMING: THE LIVE ALBUM",2019
"597","Beyoncé",0.193,0.418,0.728,-11.479,0.486,0.00981,0.966,129.252,"Sorry - Homecoming Live","HOMECOMING: THE LIVE ALBUM",2019
"598","Beyoncé",0.488,0.456,0.551,-15.779,0.465,0.257,0.73,123.714,"Kitty Kat - Homecoming Live","HOMECOMING: THE LIVE ALBUM",2019
"599","Beyoncé",0.377,0.395,0.866,-7.544,0.128,0.0332,0.432,141.577,"Bow Down - Homecoming Live","HOMECOMING: THE LIVE ALBUM",2019
"600","Beyoncé",0.14,0.555,0.676,-11.151,0.0763,0.018,0.721,95.174,"I Been On - Homecoming Live","HOMECOMING: THE LIVE ALBUM",2019
"601","Beyoncé",0.571,0.325,0.836,-8.933,0.283,0.0197,0.33,141.306,"Drunk in Love - Homecoming Live","HOMECOMING: THE LIVE ALBUM",2019
"602","Beyoncé",0.486,0.576,0.845,-7.406,0.162,0.0276,0.387,145.918,"Diva - Homecoming Live","HOMECOMING: THE LIVE ALBUM",2019
"603","Beyoncé",0.444,0.58,0.764,-9.321,0.221,0.079,0.776,137.068,"Flawless / Feeling Myself - Homecoming Live","HOMECOMING: THE LIVE ALBUM",2019
"604","Beyoncé",0.537,0.599,0.692,-9.48,0.224,0.0298,0.69,129.816,"Top Off - Homecoming Live","HOMECOMING: THE LIVE ALBUM",2019
"605","Beyoncé",0.383,0.587,0.732,-9.208,0.18,0.0158,0.969,136.084,"7/11 - Homecoming Live","HOMECOMING: THE LIVE ALBUM",2019
"606","Beyoncé",0.436,0.726,0.255,-18.138,0.653,0.129,0.0747,90.056,"Bug A Boo Roll Call - Interlude - Homecoming Live","HOMECOMING: THE LIVE ALBUM",2019
"607","Beyoncé",0.384,0.581,0.618,-11.11,0.339,0.0138,0.428,149.832,"Party - Homecoming Live","HOMECOMING: THE LIVE ALBUM",2019
"608","Beyoncé",0.111,0.384,0.81,-8.709,0.124,0.000959,0.537,137.696,"Don't Hurt Yourself - Homecoming Live","HOMECOMING: THE LIVE ALBUM",2019
"609","Beyoncé",0.184,0.443,0.821,-6.96,0.145,0.0143,0.721,88.726,"I Care - Homecoming Live","HOMECOMING: THE LIVE ALBUM",2019
"610","Beyoncé",0.104,0.452,0.487,-11.767,0.0462,0.0101,0.698,123.44,"Partition - Homecoming Live","HOMECOMING: THE LIVE ALBUM",2019
"611","Beyoncé",0.436,0.685,0.628,-12.981,0.325,0.0649,0.31,88.007,"Yoncé - Homecoming Live","HOMECOMING: THE LIVE ALBUM",2019
"612","Beyoncé",0.637,0.667,0.741,-10.832,0.0547,0.00232,0.426,104.841,"Mi Gente - Homecoming Live","HOMECOMING: THE LIVE ALBUM",2019
"613","Beyoncé",0.694,0.702,0.817,-8.644,0.102,0.00646,0.467,100.003,"Baby Boy - Homecoming Live","HOMECOMING: THE LIVE ALBUM",2019
"614","Beyoncé",0.554,0.496,0.485,-9.339,0.0299,0.000688,0.648,80.108,"You Don't Love Me (No, No, No) - Homecoming Live","HOMECOMING: THE LIVE ALBUM",2019
"615","Beyoncé",0.922,0.519,0.636,-11.539,0.504,0.149,0.672,81.167,"Hold Up - Homecoming Live","HOMECOMING: THE LIVE ALBUM",2019
"616","Beyoncé",0.444,0.57,0.805,-9.217,0.293,0.00413,0.557,167.333,"Countdown - Homecoming Live","HOMECOMING: THE LIVE ALBUM",2019
"617","Beyoncé",0.693,0.519,0.884,-8.077,0.369,0.00294,0.943,167.346,"Check On It - Homecoming Live","HOMECOMING: THE LIVE ALBUM",2019
"618","Beyoncé",0.154,0.772,0.684,-8.742,0.14,0.00534,0.7,105.975,"Deja Vu (feat. Jay-Z) - Homecoming Live","HOMECOMING: THE LIVE ALBUM",2019
"619","Beyoncé",0.237,0.555,0.84,-11.977,0.302,0.0335,0.373,134.519,"The Bzzzz Drumline - Interlude - Homecoming Live","HOMECOMING: THE LIVE ALBUM",2019
"620","Beyoncé",0.49,0.663,0.891,-8.774,0.18,0.00269,0.778,126.548,"Run the World (Girls) - Homecoming Live","HOMECOMING: THE LIVE ALBUM",2019
"621","Beyoncé",0.416,0.721,0.892,-8.606,0.206,0.0351,0.575,118.982,"Lose My Breath (feat. Kelly Rowland & Michelle Williams) - Homecoming Live","HOMECOMING: THE LIVE ALBUM",2019
"622","Beyoncé",0.303,0.491,0.666,-7.338,0.111,0.028,0.503,138.672,"Say My Name (feat. Kelly Rowland & Michelle Williams) - Homecoming Live","HOMECOMING: THE LIVE ALBUM",2019
"623","Beyoncé",0.475,0.472,0.821,-8.333,0.55,0.013,0.846,155.176,"Soldier (feat. Kelly Rowland & Michelle Williams) - Homecoming Live","HOMECOMING: THE LIVE ALBUM",2019
"624","Beyoncé",0.396,0.822,0.935,-7.741,0.345,0.011,0.379,97.018,"Get Me Bodied - Homecoming Live","HOMECOMING: THE LIVE ALBUM",2019
"625","Beyoncé",0.572,0.639,0.93,-6.626,0.171,0.00563,0.956,96.94,"Single Ladies (Put a Ring on It) - Homecoming Live","HOMECOMING: THE LIVE ALBUM",2019
"626","Beyoncé",0.433,0.564,0.424,-20.285,0.94,0.963,0.697,97.708,"Lift Ev'ry Voice and Sing (feat. Blue Ivy) - Blue's Version - Homecoming Live","HOMECOMING: THE LIVE ALBUM",2019
"627","Beyoncé",0.184,0.318,0.855,-8.415,0.628,0.0515,0.897,175.555,"Love On Top - Homecoming Live","HOMECOMING: THE LIVE ALBUM",2019
"628","Beyoncé",0.475,0.626,0.928,-9.326,0.124,0.00282,0.941,104.912,"Shining (Thank You) - Homecoming Live","HOMECOMING: THE LIVE ALBUM",2019
"629","Beyoncé",0.435,0.71,0.842,-5.424,0.0944,0.0686,0.337,102.994,"Before I Let Go - Homecoming Live Bonus Track","HOMECOMING: THE LIVE ALBUM",2019
"630","Beyoncé",0.196,0.656,0.741,-6.413,0.0555,0.0134,0.269,95.326,"I Been On - Homecoming Live Bonus Track","HOMECOMING: THE LIVE ALBUM",2019
"631","Beyoncé",0.0746,0.25,0.215,-13.676,0.037,0.632,0.401,174.824,"Pray You Catch Me","Lemonade",2016
"632","Beyoncé",0.552,0.524,0.397,-11.936,0.405,0.745,0.521,80.744,"Hold Up","Lemonade",2016
"633","Beyoncé",0.645,0.614,0.686,-6.483,0.21,0.0105,0.184,136.537,"Don't Hurt Yourself (feat. Jack White)","Lemonade",2016
"634","Beyoncé",0.356,0.775,0.598,-7.274,0.0535,0.00175,0.253,129.988,"Sorry","Lemonade",2016
"635","Beyoncé",0.324,0.516,0.637,-8.832,0.0632,0.0433,0.11,138.011,"6 Inch (feat. The Weeknd)","Lemonade",2016
"636","Beyoncé",0.598,0.643,0.503,-8.37,0.216,0.273,0.349,90.886,"Daddy Lessons","Lemonade",2016
"637","Beyoncé",0.216,0.455,0.535,-10.602,0.0426,0.0209,0.126,157.01,"Love Drought","Lemonade",2016
"638","Beyoncé",0.101,0.33,0.357,-10.171,0.0348,0.866,0.19,84.119,"Sandcastles","Lemonade",2016
"639","Beyoncé",0.0498,0.387,0.133,-15.633,0.0474,0.947,0.107,124.397,"Forward (feat. James Blake)","Lemonade",2016
"640","Beyoncé",0.406,0.437,0.803,-6.412,0.305,0.0376,0.683,84.378,"Freedom (feat. Kendrick Lamar)","Lemonade",2016
"641","Beyoncé",0.626,0.574,0.573,-7.079,0.085,0.392,0.0933,136.304,"All Night","Lemonade",2016
"642","Beyoncé",0.818,0.896,0.621,-6.857,0.237,0.00532,0.196,121.966,"Formation","Lemonade",2016
"643","Beyoncé",0.421,0.546,0.26,-12.573,0.125,0.942,0.128,155.033,"Sorry - Original Demo","Lemonade",2016
"644","Beyoncé",0.2,0.512,0.624,-6.761,0.0509,0.00305,0.346,129.932,"Pretty Hurts","BEYONCÉ [Platinum Edition]",2014
"645","Beyoncé",0.311,0.313,0.533,-9.416,0.166,0.103,0.507,66.93,"Haunted","BEYONCÉ [Platinum Edition]",2014
"646","Beyoncé",0.399,0.583,0.621,-6.902,0.0479,0.00972,0.181,140.036,"Drunk in Love (feat. Jay-Z)","BEYONCÉ [Platinum Edition]",2014
"647","Beyoncé",0.776,0.875,0.434,-7.683,0.091,0.242,0.233,120.067,"Blow","BEYONCÉ [Platinum Edition]",2014
"648","Beyoncé",0.509,0.57,0.467,-9.152,0.171,0.0421,0.125,111.58,"No Angel","BEYONCÉ [Platinum Edition]",2014
"649","Beyoncé",0.172,0.418,0.441,-11.522,0.283,0.029,0.306,175.928,"Partition","BEYONCÉ [Platinum Edition]",2014
"650","Beyoncé",0.227,0.452,0.54,-10.087,0.229,0.122,0.0882,133.774,"Jealous","BEYONCÉ [Platinum Edition]",2014
"651","Beyoncé",0.563,0.495,0.403,-9.732,0.299,0.499,0.7,140.365,"Rocket","BEYONCÉ [Platinum Edition]",2014
"652","Beyoncé",0.0996,0.557,0.428,-11.306,0.136,0.0673,0.144,103.009,"Mine (feat. Drake)","BEYONCÉ [Platinum Edition]",2014
"653","Beyoncé",0.216,0.47,0.793,-8.929,0.26,0.164,0.313,170.1,"XO","BEYONCÉ [Platinum Edition]",2014
"654","Beyoncé",0.353,0.476,0.688,-7.799,0.245,0.0953,0.438,140.555,"***Flawless (feat. Chimamanda Ngozi Adichie)","BEYONCÉ [Platinum Edition]",2014
"655","Beyoncé",0.185,0.525,0.334,-11.54,0.0686,0.641,0.114,80.307,"Superpower (feat. Frank Ocean)","BEYONCÉ [Platinum Edition]",2014
"656","Beyoncé",0.0388,0.346,0.188,-12.688,0.0327,0.573,0.108,103.265,"Heaven","BEYONCÉ [Platinum Edition]",2014
"657","Beyoncé",0.0643,0.499,0.434,-10.14,0.0608,0.541,0.119,90.322,"Blue (feat. Blue Ivy)","BEYONCÉ [Platinum Edition]",2014
"658","Beyoncé",0.56,0.747,0.705,-5.137,0.126,0.0128,0.126,136.024,"7/11","BEYONCÉ [Platinum Edition]",2014
"659","Beyoncé",0.457,0.64,0.659,-7.273,0.215,0.241,0.484,136.804,"Flawless Remix (feat. Nicki Minaj)","BEYONCÉ [Platinum Edition]",2014
"660","Beyoncé",0.476,0.508,0.763,-3.58,0.0516,0.16,0.118,139.653,"Drunk in Love Remix (feat. Jay-Z & Kanye West)","BEYONCÉ [Platinum Edition]",2014
"661","Beyoncé",0.709,0.732,0.763,-6.732,0.0729,0.0273,0.33,98.011,"Ring Off","BEYONCÉ [Platinum Edition]",2014
"662","Beyoncé",0.763,0.872,0.445,-7.631,0.0936,0.272,0.345,120.029,"Blow Remix (feat. Pharrell Williams)","BEYONCÉ [Platinum Edition]",2014
"663","Beyoncé",0.409,0.664,0.808,-6.477,0.0726,0.0225,0.259,98.044,"Standing on the Sun Remix (feat. Mr. Vegas)","BEYONCÉ [Platinum Edition]",2014
"664","Beyoncé",0.651,0.652,0.749,-5.248,0.0886,0.0848,0.604,94.103,"Love On Top","4",2011
"665","Beyoncé",0.719,0.648,0.593,-6.267,0.0509,0.0188,0.169,160.984,"Party (feat. André 3000)","4",2011
"666","Beyoncé",0.551,0.799,0.715,-5.481,0.0819,0.0289,0.339,124.04,"Schoolin' Life","4",2011
"667","Beyoncé",0.699,0.665,0.787,-5.73,0.151,0.31,0.219,167.351,"Countdown","4",2011
"668","Beyoncé",0.836,0.718,0.523,-7.181,0.198,0.352,0.0909,167.963,"I Miss You","4",2011
"669","Beyoncé",0.484,0.621,0.781,-6.062,0.0636,0.0321,0.173,110.002,"Dance for You","4",2011
"670","Beyoncé",0.231,0.371,0.841,-6.021,0.297,0.287,0.135,85.656,"I Care","4",2011
"671","Beyoncé",0.45,0.628,0.666,-6.626,0.111,0.158,0.177,72.032,"Rather Die Young","4",2011
"672","Beyoncé",0.268,0.365,0.382,-7.344,0.0295,0.382,0.0661,148.363,"1+1","4",2011
"673","Beyoncé",0.786,0.716,0.811,-7.503,0.212,0.0328,0.0649,118.005,"End of Time","4",2011
"674","Beyoncé",0.759,0.732,0.899,-4.237,0.143,0.00496,0.372,127.091,"Run the World (Girls)","4",2011
"675","Beyoncé",0.298,0.546,0.649,-4.056,0.0324,0.143,0.0894,99.05,"Best Thing I Never Had","4",2011
"676","Beyoncé",0.399,0.474,0.797,-4.541,0.192,0.193,0.322,149.965,"Start Over","4",2011
"677","Beyoncé",0.235,0.525,0.627,-6.59,0.0335,0.431,0.0927,111.026,"I Was Here","4",2011
"678","Beyoncé",0.0852,0.352,0.655,-10.571,0.0736,6.63e-05,0.659,148.045,"Intro - Live","I Am...World Tour",2010
"679","Beyoncé",0.268,0.562,0.967,-4.919,0.271,0.0496,0.953,99.13,"Crazy In Love - Live","I Am...World Tour",2010
"680","Beyoncé",0.245,0.591,0.79,-7.864,0.0956,0.0488,0.417,99.946,"Naughty Girl - Live","I Am...World Tour",2010
"681","Beyoncé",0.184,0.429,0.967,-5.08,0.309,0.000279,0.933,99.027,"Freakum Dress - Live","I Am...World Tour",2010
"682","Beyoncé",0.184,0.556,0.945,-5.756,0.52,0.141,0.347,96.618,"Get Me Bodied - Live","I Am...World Tour",2010
"683","Beyoncé",0.208,0.524,0.691,-7.99,0.0332,0.0196,0.939,94.982,"Smash Into You - Live","I Am...World Tour",2010
"684","Beyoncé",0.0784,0.275,0.449,-10.563,0.0335,0.613,0.857,104.838,"Ave Maria - Live","I Am...World Tour",2010
"685","Beyoncé",0.15,0.297,0.596,-7.308,0.21,0.537,0.971,169.502,"Broken-Hearted Girl - Live","I Am...World Tour",2010
"686","Beyoncé",0.157,0.306,0.945,-5.32,0.424,0.0131,0.892,100.105,"If I Were A Boy / You Oughta Know - Live","I Am...World Tour",2010
"687","Beyoncé",0.337,0.601,0.939,-7.323,0.309,0.00252,0.289,146.248,"Diva - Live","I Am...World Tour",2010
"688","Beyoncé",0.353,0.509,0.739,-6.124,0.287,0.0577,0.904,135.995,"Radio - Live","I Am...World Tour",2010
"689","Beyoncé",0.603,0.476,0.844,-7.971,0.659,0.367,0.867,83.132,"Ego (feat. Kanye West)","I Am...World Tour",2010
"690","Beyoncé",0.534,0.426,0.903,-6.175,0.236,0.0547,0.924,129.117,"Hello - Live","I Am...World Tour",2010
"691","Beyoncé",0.217,0.473,0.84,-8.271,0.313,0.0307,0.475,91.13,"Baby Boy - Live","I Am...World Tour",2010
"692","Beyoncé",0.314,0.395,0.592,-10.841,0.0443,0.00778,0.816,144.848,"You Don't Love Me, No No No - Live","I Am...World Tour",2010
"693","Beyoncé",0.266,0.304,0.921,-8.559,0.79,0.0346,0.983,88.515,"Irreplaceable - Live","I Am...World Tour",2010
"694","Beyoncé",0.267,0.399,0.741,-8.987,0.484,0.235,0.413,83.213,"Check On It - Live","I Am...World Tour",2010
"695","Beyoncé",0.438,0.542,0.878,-8.096,0.297,0.0064,0.859,103.293,"Bootylicious - Live","I Am...World Tour",2010
"696","Beyoncé",0.334,0.565,0.807,-7.988,0.293,0.00102,0.971,84.937,"Upgrade U - Live","I Am...World Tour",2010
"697","Beyoncé",0.448,0.503,0.871,-6.659,0.404,0.306,0.823,137.164,"Say My Name - Live","I Am...World Tour",2010
"698","Beyoncé",0.255,0.143,0.315,-12.587,0.0368,0.306,0.916,75.195,"At Last - Live","I Am...World Tour",2010
"699","Beyoncé",0.171,0.358,0.641,-8.823,0.0752,0.193,0.763,124.061,"Listen (From the Motion Picture ""Dreamgirls"") - Live","I Am...World Tour",2010
"700","Beyoncé",0.198,0.628,0.894,-5.448,0.137,0.018,0.922,97.083,"Single Ladies (Put a Ring on It) - Live","I Am...World Tour",2010
"701","Beyoncé",0.217,0.261,0.913,-5.795,0.433,0.0352,0.863,143.024,"Halo - Live","I Am...World Tour",2010
"702","Beyoncé",0.22,0.326,0.975,-5.784,0.233,0.000703,0.815,155.075,"Outro - Live","I Am...World Tour",2010
"703","Beyoncé",0.885,0.712,0.828,-7.108,0.0418,0.00323,0.0264,125.999,"If I Were a Boy - Maurice Joshua Mojo UK Remix - Main","Above And Beyoncé Dance Mixes",2009
"704","Beyoncé",0.783,0.796,0.92,-5.638,0.0873,0.00241,0.0243,128.005,"Single Ladies (Put a Ring on It) - DJ Escape & Tony Coluccio Remix - Club Version","Above And Beyoncé Dance Mixes",2009
"705","Beyoncé",0.622,0.846,0.629,-7.355,0.0658,0.00327,0.0655,131.997,"Diva - Karmatronic Club Remix","Above And Beyoncé Dance Mixes",2009
"706","Beyoncé",0.851,0.802,0.702,-6.601,0.0616,0.0147,0.0162,128.008,"Halo - Dave Audé Club Remix","Above And Beyoncé Dance Mixes",2009
"707","Beyoncé",0.0813,0.372,0.751,-6.694,0.257,0.0846,0.122,168.247,"Broken-Hearted Girl - Catalyst Remix","Above And Beyoncé Dance Mixes",2009
"708","Beyoncé",0.613,0.846,0.683,-6.148,0.0654,0.0452,0.0583,122.988,"Ego - OK DAC Club Remix","Above And Beyoncé Dance Mixes",2009
"709","Beyoncé",0.774,0.772,0.863,-6.35,0.0423,0.00202,0.331,126.995,"Sweet Dreams - Harlan Pepper & AG III Remix","Above And Beyoncé Dance Mixes",2009
"710","Beyoncé",0.341,0.574,0.421,-5.443,0.174,0.0989,0.0568,78.781,"Ego (feat. Kanye West) - Remix","Above And Beyoncé Dance Mixes",2009
"711","Beyoncé",0.427,0.632,0.518,-6.126,0.0313,0.107,0.354,90.007,"If I Were a Boy","I AM...SASHA FIERCE",2008
"712","Beyoncé",0.472,0.508,0.72,-5.908,0.0628,0.272,0.0563,79.983,"Halo","I AM...SASHA FIERCE",2008
"713","Beyoncé",0.206,0.492,0.348,-10.676,0.0301,0.128,0.326,78.412,"Disappear","I AM...SASHA FIERCE",2008
"714","Beyoncé",0.159,0.336,0.424,-7.203,0.0353,0.503,0.273,82.149,"Broken-Hearted Girl","I AM...SASHA FIERCE",2008
"715","Beyoncé",0.201,0.35,0.403,-9.57,0.0279,0.786,0.12,104.957,"Ave Maria","I AM...SASHA FIERCE",2008
"716","Beyoncé",0.103,0.572,0.429,-8.974,0.0271,0.192,0.263,95.068,"Smash Into You","I AM...SASHA FIERCE",2008
"717","Beyoncé",0.282,0.384,0.153,-14.55,0.0324,0.729,0.116,109.859,"Satellites","I AM...SASHA FIERCE",2008
"718","Beyoncé",0.102,0.549,0.628,-7.45,0.0309,0.00908,0.128,115.036,"That's Why You're Beautiful","I AM...SASHA FIERCE",2008
"719","Beyoncé",0.272,0.426,0.584,-5.293,0.296,0.0383,0.188,193.437,"Single Ladies (Put a Ring on It)","I AM...SASHA FIERCE",2008
"720","Beyoncé",0.553,0.605,0.763,-5.949,0.0775,0.129,0.0839,135.771,"Radio","I AM...SASHA FIERCE",2008
"721","Beyoncé",0.861,0.875,0.551,-6.744,0.317,0.0488,0.0537,146.092,"Diva","I AM...SASHA FIERCE",2008
"722","Beyoncé",0.788,0.694,0.825,-5.986,0.111,0.0895,0.0618,121.949,"Sweet Dreams","I AM...SASHA FIERCE",2008
"723","Beyoncé",0.608,0.479,0.763,-8.954,0.178,0.00242,0.383,84.769,"Video Phone","I AM...SASHA FIERCE",2008
"724","Beyoncé",0.416,0.33,0.769,-5.755,0.17,0.206,0.143,97.515,"Hello","I AM...SASHA FIERCE",2008
"725","Beyoncé",0.489,0.623,0.389,-7.816,0.241,0.155,0.163,79.454,"Ego","I AM...SASHA FIERCE",2008
"726","Beyoncé",0.205,0.534,0.575,-6.706,0.0519,0.0546,0.131,86.961,"Scared of Lonely","I AM...SASHA FIERCE",2008
"727","Beyoncé",0.418,0.764,0.751,-3.74,0.0703,0.00554,0.164,91.977,"Beautiful Liar","B'Day Deluxe Edition",2007
"728","Beyoncé",0.509,0.447,0.694,-4.637,0.382,0.0293,0.167,175.868,"Irreplaceable","B'Day Deluxe Edition",2007
"729","Beyoncé",0.726,0.796,0.572,-7.019,0.0634,0.0682,0.135,107.045,"Green Light","B'Day Deluxe Edition",2007
"730","Beyoncé",0.537,0.814,0.384,-7.953,0.292,0.0516,0.0968,157.992,"Kitty Kat","B'Day Deluxe Edition",2007
"731","Beyoncé",0.78,0.807,0.784,-4.866,0.236,0.0118,0.315,124.821,"Welcome To Hollywood (feat. Jay-Z)","B'Day Deluxe Edition",2007
"732","Beyoncé",0.483,0.593,0.68,-5.556,0.335,0.00182,0.31,84.547,"Upgrade U (feat. Jay-Z)","B'Day Deluxe Edition",2007
"733","Beyoncé",0.625,0.664,0.701,-7.718,0.0967,0.234,0.0646,151.947,"Flaws and All","B'Day Deluxe Edition",2007
"734","Beyoncé",0.196,0.485,0.827,-3.707,0.177,0.144,0.116,92.161,"World Wide Woman","B'Day Deluxe Edition",2007
"735","Beyoncé",0.667,0.925,0.728,-6.82,0.254,0.00408,0.207,96.54,"Get Me Bodied - Extended Mix","B'Day Deluxe Edition",2007
"736","Beyoncé",0.298,0.47,0.476,-8.825,0.0371,0.248,0.106,94.922,"If","B'Day Deluxe Edition",2007
"737","Beyoncé",0.459,0.681,0.715,-5.148,0.0638,0.0039,0.0569,98.96,"Freakum Dress","B'Day Deluxe Edition",2007
"738","Beyoncé",0.573,0.691,0.931,-4.037,0.265,0.212,0.34,93.852,"Suga Mama","B'Day Deluxe Edition",2007
"739","Beyoncé",0.355,0.644,0.746,-4.941,0.341,0.0071,0.0743,105.253,"Deja Vu (feat. Jay-Z)","B'Day Deluxe Edition",2007
"740","Beyoncé",0.48,0.458,0.751,-8.395,0.469,0.0299,0.258,169.673,"Ring The Alarm","B'Day Deluxe Edition",2007
"741","Beyoncé",0.48,0.29,0.574,-5.387,0.112,0.6,0.149,197.431,"Resentment","B'Day Deluxe Edition",2007
"742","Beyoncé",0.187,0.432,0.637,-3.905,0.0475,0.416,0.113,122.394,"Listen (From the Motion Picture ""Dreamgirls"")","B'Day Deluxe Edition",2007
"743","Beyoncé",0.596,0.491,0.745,-5.631,0.254,0.473,0.239,167.875,"Amor Gitano","B'Day Deluxe Edition",2007
"744","Beyoncé",0.141,0.548,0.638,-3.115,0.0435,0.588,0.101,122.868,"Listen (Oye) - Spanish Version","B'Day Deluxe Edition",2007
"745","Beyoncé",0.615,0.627,0.705,-3.539,0.231,0.0941,0.178,175.861,"Irreplaceable (Irreemplazable) - Spanish version","B'Day Deluxe Edition",2007
"746","Beyoncé",0.513,0.646,0.806,-4.495,0.135,0.0997,0.258,91.962,"Beautiful Liar (Bello Embustero) - Spanish Version","B'Day Deluxe Edition",2007
"747","Beyoncé",0.487,0.763,0.761,-3.794,0.0544,0.0063,0.287,91.977,"Beautiful Liar - Remix","B'Day Deluxe Edition",2007
"748","Beyoncé",0.57,0.694,0.726,-5.13,0.042,0.0034,0.0801,92.015,"Beautiful Liar (feat. Sasha) - Spanglish Version","B'Day Deluxe Edition",2007
"749","Beyoncé",0.845,0.511,0.808,-4.09,0.139,0.15,0.232,176.042,"Irreplaceable (Irreemplazable) - Nortena Remix","B'Day Deluxe Edition",2007
"750","Beyoncé",0.362,0.763,0.728,-4.944,0.326,0.00677,0.0915,105.923,"Deja Vu (feat. Jay-Z)","B'Day",2006
"751","Beyoncé",0.651,0.865,0.829,-6.981,0.315,0.0673,0.253,96.511,"Get Me Bodied","B'Day",2006
"752","Beyoncé",0.615,0.682,0.939,-4.054,0.284,0.226,0.346,93.81,"Suga Mama","B'Day",2006
"753","Beyoncé",0.509,0.474,0.683,-5.585,0.397,0.00161,0.309,169.51,"Upgrade U (feat. Jay-Z)","B'Day",2006
"754","Beyoncé",0.428,0.456,0.742,-8.39,0.481,0.0534,0.0837,168.507,"Ring The Alarm","B'Day",2006
"755","Beyoncé",0.506,0.81,0.386,-7.846,0.311,0.0529,0.0969,157.919,"Kitty Kat","B'Day",2006
"756","Beyoncé",0.378,0.683,0.703,-5.154,0.0585,0.0043,0.0599,98.953,"Freakum Dress","B'Day",2006
"757","Beyoncé",0.729,0.796,0.568,-7.071,0.0631,0.0833,0.256,107.034,"Green Light","B'Day",2006
"758","Beyoncé",0.501,0.576,0.697,-4.192,0.326,0.0286,0.167,175.906,"Irreplaceable","B'Day",2006
"759","Beyoncé",0.482,0.378,0.565,-5.388,0.0493,0.648,0.13,102.131,"Resentment","B'Day",2006
"760","Beyoncé",0.864,0.705,0.796,-6.845,0.267,0.0708,0.388,166.042,"Check On It (feat. Bun B & Slim Thug)","B'Day",2006
"761","Beyoncé",0.681,0.646,0.77,-6.596,0.226,0.00249,0.0715,99.165,"Crazy In Love (feat. Jay-Z)","Dangerously In Love",2003
"762","Beyoncé",0.659,0.588,0.461,-8.686,0.161,0.237,0.0913,200.053,"Naughty Girl","Dangerously In Love",2003
"763","Beyoncé",0.791,0.655,0.488,-9.17,0.22,0.0825,0.221,91.025,"Baby Boy (feat. Sean Paul)","Dangerously In Love",2003
"764","Beyoncé",0.971,0.736,0.651,-8.933,0.124,0.00265,0.0838,166.572,"Hip Hop Star (feat. Big Boi & Sleepy Brown)","Dangerously In Love",2003
"765","Beyoncé",0.782,0.711,0.454,-6.485,0.0904,0.125,0.071,74.928,"Be With You","Dangerously In Love",2003
"766","Beyoncé",0.536,0.75,0.458,-9.092,0.0803,0.226,0.137,83.61,"Me, Myself and I","Dangerously In Love",2003
"767","Beyoncé",0.551,0.662,0.374,-11.19,0.34,0.114,0.249,112.694,"Yes","Dangerously In Love",2003
"768","Beyoncé",0.411,0.447,0.395,-9.828,0.225,0.153,0.133,76.758,"Signs (feat. Missy Elliott)","Dangerously In Love",2003
"769","Beyoncé",0.103,0.568,0.282,-10.225,0.0313,0.158,0.182,112.708,"Speechless","Dangerously In Love",2003
"770","Beyoncé",0.697,0.493,0.527,-9.752,0.33,0.167,0.288,103.451,"That's How You Like It (feat. Jay-Z)","Dangerously In Love",2003
"771","Beyoncé",0.304,0.652,0.292,-9.603,0.0467,0.619,0.174,116.109,"The Closer I Get to You (feat. Beyoncé Knowles)","Dangerously In Love",2003
"772","Beyoncé",0.459,0.609,0.407,-8.026,0.0808,0.345,0.19,99.982,"Dangerously In Love","Dangerously In Love",2003
"773","Beyoncé",0.542,0.65,0.0452,-20.854,0.7,0.485,0.121,152.48,"Beyoncé Interlude","Dangerously In Love",2003
"774","Beyoncé",0.32,0.388,0.265,-12.712,0.0499,0.901,0.194,137.24,"Gift from Virgo","Dangerously In Love",2003
"775","Beyoncé",0.448,0.469,0.446,-9.237,0.0753,0.255,0.182,123.46,"Daddy","Dangerously In Love",2003
